4.34068E-08,-1.48629E-06,219.0749519
0.018072347,0.11296863,219.0671848
0.034664492,0.248617546,219.1058252
0.057939819,0.381341226,219.0671826
0.074125223,0.486048375,219.1058212
0.094169759,0.657794968,219.1058247
0.116739893,0.801577124,219.0708117
0.134410846,0.945033299,219.1444574
0.156154791,1.099476238,219.1444535
0.172924943,1.235799201,219.1482502
0.189812561,1.353620972,219.1830893
0.209444043,1.486865306,219.1444552
0.227666889,1.637762562,219.1444543
0.243635881,1.77232721,219.1748178
0.254212836,1.876999048,219.1764233
0.267052087,1.993844041,219.1617875
0.279026245,2.102261778,219.1669905
0.298234942,2.205336746,219.1444511
0.314192986,2.306157656,219.1640175
0.333162253,2.426289592,219.1830847
0.355236964,2.564531514,219.210793
0.380363445,2.699323184,219.2441395
0.403287614,2.84002715,219.2459455
0.427509873,2.984622197,219.2603636
0.450217501,3.127835523,219.2603608
0.482613319,3.341005993,219.3123878
0.52312406,3.599664036,219.3376193
0.553537629,3.816212012,219.3762574
0.577538435,3.991388191,219.3762613
0.607017585,4.186559284,219.4148891
0.63635111,4.393840847,219.3984498
0.665267133,4.585824977,219.4535306
0.693589635,4.78201746,219.4848713
0.713974332,4.94469495,219.4921614
0.732219461,5.082437576,219.4921647
0.754396743,5.214717913,219.5270801
0.773045017,5.339491955,219.5200092
0.793130058,5.463016772,219.4921606
0.816191418,5.606722878,219.5130567
0.842416575,5.75624659,219.5226404
0.865666543,5.903156961,219.5307974
0.89716514,6.087675291,219.5307939
0.924599916,6.264069544,219.5307996
0.950323453,6.411582237,219.5615294
0.971405484,6.5587973,219.5456402
0.99317609,6.702781174,219.5658657
1.014835849,6.835681615,219.5694507
1.041792544,6.987615035,219.6248023
1.066068863,7.136840236,219.6080653
1.088726711,7.277002591,219.606189
1.116191208,7.474384612,219.6236418
1.1446883,7.66983439,219.6326671
1.176904375,7.858811859,219.6467016
1.207326474,8.038329556,219.6639766
1.232234389,8.220319526,219.6673874
1.26463019,8.42593477,219.6852483
1.300880049,8.642300943,219.6853325
1.342448168,8.864309334,219.723934
1.369991788,9.068362267,219.7626022
1.393107013,9.246800356,219.7494533
1.421986313,9.430652255,219.7626111
1.448673964,9.606337382,219.762603
1.475266885,9.784386786,219.7907188
1.501788682,9.949550477,219.7675823
1.532642507,10.13589939,219.8339189
1.561647709,10.29848051,219.8509149
1.581595916,10.45374318,219.8519014
1.609066907,10.60648383,219.9013676
1.635295758,10.76381445,219.9136336
1.656044701,10.91288994,219.9081638
1.674875559,11.04856352,219.9171244
1.694797111,11.18751388,219.9156617
1.707168697,11.34645867,219.9156504
1.698894124,11.48699832,219.9338015
1.684353586,11.6559418,219.9461801
1.65372982,11.7786012,219.918138
1.600588632,11.95812634,219.9109137
1.529781253,12.10195952,219.8785041
1.450368319,12.19317508,219.8398741
1.368481183,12.27397157,219.8329742
1.283479195,12.34321755,219.8012406
1.208856837,12.40125178,219.7626065
1.134708027,12.48121826,219.7758874
1.053882147,12.56800011,219.7238976
0.972153175,12.68274067,219.6666435
0.91329681,12.79492953,219.6080645
0.868062791,12.89757445,219.5876916
0.8261084,13.04239089,219.543249
0.796488034,13.17840536,219.4921723
0.77365659,13.31850817,219.5277355
0.73889726,13.46532246,219.4921627
0.729259319,13.63929107,219.4318912
0.73393626,13.80648717,219.4242036
0.742590851,14.00340115,219.4172632
0.763409168,14.21275187,219.4148988
0.782746891,14.36437856,219.4148898
0.800084829,14.51946941,219.4535296
0.816278769,14.67199861,219.4383806
0.831818327,14.81057551,219.4414041
0.851646444,14.960912,219.4318977
0.873136256,15.10426268,219.4171916
0.897774462,15.25330649,219.4021851
0.926074069,15.41409492,219.4148914
0.949976246,15.57257552,219.4319573
0.975906944,15.72916817,219.4104756
0.997166588,15.89513571,219.4251206
1.018825429,16.04517632,219.4365323
1.042307537,16.20489187,219.4335944
1.063460172,16.35699742,219.424687
1.086614798,16.51797688,219.4669134
1.107789694,16.66941374,219.5436961
1.133616208,16.81327054,219.5694332
1.157679632,16.96468834,219.6015229
1.179009564,17.1165273,219.6036335
1.192822418,17.26414247,219.596747
1.230104732,17.43197631,219.5857312
1.2580177,17.62401249,219.5634652
1.284039667,17.80640828,219.5173622
1.311203156,17.98299515,219.5188394
1.335844624,18.14869983,219.5109148
1.357785202,18.31551882,219.4890418
1.382696217,18.47041475,219.4921635
1.410560791,18.64992155,219.5170142
1.439784305,18.86350472,219.4951086
1.468217242,19.07063389,219.5016239
1.488014957,19.27463456,219.519696
1.50425763,19.48310001,219.5360165
1.532084075,19.70159962,219.5662846
1.538718347,19.89580756,219.5779386
1.543466478,20.07866347,219.6053562
1.526513279,20.24732629,219.5700233
1.502858707,20.41706213,219.5573956
1.48136343,20.580771,219.6323945
1.448575256,20.76124814,219.5829092
1.410072253,20.92375617,219.6186459
1.360503311,21.08373858,219.5998412
1.293785009,21.24879965,219.6065857
1.230575579,21.40830605,219.5566998
1.155690364,21.56993626,219.6037588
1.087170057,21.71227009,219.6065751
1.004785505,21.85207882,219.5725514
0.920779438,21.99969081,219.6247021
0.816500332,22.15503485,219.606584
0.680693334,22.30036775,219.6065821
0.558633077,22.41480127,219.6065737
0.442862607,22.50580696,219.6052469
0.33735898,22.58599725,219.6331226
0.205232476,22.64192293,219.648382
0.073548544,22.68799211,219.6737923
-0.077715741,22.73019007,219.683858
-0.218193398,22.74643078,219.6820578
-0.349251523,22.74408015,219.6701231
-0.467641188,22.7264211,219.6493614
-0.632882206,22.68099926,219.6250545
-0.770857598,22.62129284,219.6413819
-0.912518762,22.5701207,219.6335871
-1.071705585,22.52091885,219.683859
-1.186024404,22.48194783,219.6838502
-1.301403759,22.43860677,219.6801171
-1.41820769,22.39038775,219.6569043
-1.545765196,22.34134163,219.646584
-1.670682364,22.29529356,219.6309175
-1.797141797,22.24970141,219.6757883
-1.917969669,22.19526351,219.6838566
-2.04670526,22.14423164,219.6838565
-2.169865427,22.09435723,219.6971839
-2.297518139,22.04386876,219.6838637
-2.416317883,22.00617398,219.6838543
-2.510464673,21.96628978,219.6838646
-2.610629786,21.92489533,219.683853
-2.71703586,21.88192093,219.68386
-2.819576219,21.83874544,219.7134798
-2.918167421,21.79251687,219.6838399
-3.015217973,21.74218159,219.7082986
-3.128197465,21.68777787,219.7055754
-3.245822721,21.6140372,219.6940861
-3.350149437,21.54529848,219.6853329
-3.442244458,21.47467882,219.7110272
-3.546906403,21.39178901,219.6853344
-3.643621544,21.31156415,219.6838555
-3.745158916,21.22534763,219.6838599
-3.869383425,21.12260314,219.6853239
-3.985487647,21.03008349,219.6853386
-4.09931476,20.93249614,219.6838442
-4.219646971,20.81320285,219.685319
-4.344054489,20.70230421,219.6853286
-4.473859904,20.57297365,219.6838589
-4.582342685,20.45602433,219.6838548
-4.690400582,20.31721316,219.683851
-4.790438479,20.1751108,219.6838495
-4.869189498,20.05605053,219.6838547
-4.970786421,19.91142872,219.683862
-5.070248219,19.75920983,219.6838528
-5.155573436,19.62880623,219.6838532
-5.243229703,19.48580294,219.6838532
-5.329394949,19.34398471,219.6838505
-5.409355987,19.18668807,219.6873163
-5.481360249,19.04659058,219.6466991
-5.544193312,18.90541529,219.646705
-5.608448649,18.75033267,219.6466999
-5.680356564,18.57963373,219.6466988
-5.750808242,18.41012339,219.6467047
-5.816556538,18.25226553,219.6818278
-5.878833527,18.06917682,219.6838688
-5.93577135,17.88779779,219.6466959
-5.989646773,17.72685947,219.6466903
-6.040552459,17.59311525,219.685339
-6.111489265,17.41917218,219.7142381
-6.180476781,17.26105509,219.7078105
-6.25334309,17.11126677,219.683855
-6.378333011,16.92716811,219.7431345
-6.498648546,16.78174807,219.7611094
-6.629025929,16.65216861,219.7283234
-6.750733091,16.53410956,219.7240155
-6.878796085,16.44549391,219.6921995
-7.021753978,16.35193326,219.6838617
-7.173368766,16.27791246,219.6838643
-7.318423768,16.22007587,219.6838592
-7.425829109,16.18576085,219.6065891
-7.541518589,16.16663378,219.5646318
-7.667439008,16.16830805,219.5794015
-7.791603436,16.18642063,219.5293177
-7.943979273,16.19319829,219.5200763
-8.117497999,16.20234879,219.4083769
-8.27256749,16.21291694,219.3687613
-8.40341141,16.20742579,219.2975121
-8.540158366,16.15475906,219.2722346
-8.690453609,16.09232102,219.2202411
-8.868437622,15.98398251,219.2202403
-9.030598713,15.84967989,219.8035094
-9.176473838,15.65279675,219.2202476
-9.281121023,15.49425765,219.4823086
-9.389682026,15.31503873,219.4260412
-9.513054671,15.09466575,219.2689661
-9.62077976,14.87272324,219.3455676
-9.735720414,14.64215134,219.4054854
-9.833964114,14.41114391,219.3923241
-9.935360752,14.14919395,219.4520489
-10.02676574,13.84910846,219.4619188
-10.10003417,13.53900336,219.5076225
-10.16983837,13.17380066,219.5112624
-10.22897668,12.8745466,219.5185122
-10.29554502,12.57198439,219.5395484
-10.36437561,12.263091,219.5338793
-10.41949433,11.99305119,219.5866666
-10.46717561,11.71327299,219.5624978
-10.52866632,11.40726811,219.6034598
-10.58495514,11.09683891,219.6065863
-10.64691491,10.73932616,219.577701
-10.69107529,10.46367027,219.6146176
-10.74655543,10.15738658,219.6065956
-10.8018837,9.855780273,219.6265132
-10.86173767,9.551686158,219.6177679
-10.92017544,9.253098675,219.6212374
-10.97001507,8.987753123,219.6080698
-11.00703801,8.75999137,219.6150221
-11.05153897,8.540425509,219.6369749
-11.10014236,8.299476062,219.642102
-11.13994872,8.094523163,219.6709687
-11.18024035,7.878369385,219.6467049
-11.22730326,7.667188947,219.6533592
-11.26717632,7.424830708,219.6838438
-11.30192809,7.181864957,219.6838539
-11.35046191,6.902400164,219.6838498
-11.38298384,6.697968584,219.6838502
-11.41473643,6.47384501,219.6838537
-11.43814484,6.249230949,219.6769867
-11.45422397,6.031629251,219.6376983
-11.48281285,5.829932968,219.5802936
-11.51424471,5.625364177,219.579711
-11.54399663,5.424421652,219.5924113
-11.57285397,5.209469439,219.5677789
-11.60524678,4.997009131,219.5854529
-11.64066217,4.767508237,219.5713624
-11.68300031,4.51570255,219.6369401
-11.73727713,4.225028502,219.5621474
-11.78731654,3.933279276,219.5744929
-11.82331181,3.688664863,219.5670354
-11.8626013,3.380338602,219.5293059
-11.90277927,3.172476085,219.5644476
-11.93673706,2.924348433,219.5769365
-11.96327521,2.668195696,219.5502956
-11.99969182,2.401429953,219.492133
-12.03016326,2.160030414,219.4899617
-12.06468666,1.899067647,219.4675625
-12.09550105,1.635056552,219.4995219
-12.13065392,1.355453408,219.4667026
-12.15092003,1.117875986,219.4520544
-12.18195288,0.825944074,219.4520405
-12.21949256,0.551638567,219.4520478
-12.26792518,0.213828701,219.4520455
-12.29877495,-0.07451099,219.3896463
-12.34222848,-0.355008068,219.3798355
-12.37001139,-0.620128216,219.3747865
-12.41613559,-0.909117059,219.3747697
-12.4491387,-1.194179034,219.3828664
-12.5035717,-1.475044421,219.3747779
-12.54733189,-1.794271659,219.3747882
-12.5865667,-2.063241667,219.3747751
-12.6266952,-2.309527679,219.2975198
-12.66632957,-2.532349467,219.2975087
-12.69645827,-2.755399984,219.2975199
-12.73614303,-2.994264386,219.2975159
-12.76770916,-3.242562938,219.2202523
-12.80211308,-3.496895178,219.2975095
-12.8364032,-3.701680778,219.2464077
-12.87185437,-3.906077419,219.2202377
-12.89988954,-4.107454007,219.2302138
-12.92538218,-4.301305215,219.2569421
-12.95470916,-4.501997117,219.2202416
-12.99357023,-4.713838126,219.2202443
-13.02233972,-4.942608209,219.2202274
-13.05159364,-5.137390589,219.1899275
-13.08129063,-5.320840379,219.2079605
-13.11219139,-5.545010388,219.1510578
-13.13849565,-5.738032451,219.1429783
-13.1627967,-5.947167156,219.1547757
-13.1989517,-6.155449339,219.1646859
-13.22982241,-6.335080561,219.1857099
-13.26187315,-6.548276631,219.2202436
-13.28498239,-6.70594418,219.2202379
-13.30826884,-6.878057288,219.1429864
-13.32875409,-7.058435839,219.1429931
-13.35368826,-7.227388988,219.1429735
-13.38158566,-7.404673656,219.1429841
-13.40789283,-7.577688014,219.1429778
-13.43277082,-7.755525788,219.1429689
-13.46049907,-7.953697526,219.0657064
-13.49194249,-8.145721655,219.0657052
-13.52445084,-8.346904555,219.0808546
-13.55365553,-8.551856693,219.0657107
-13.58761197,-8.751743664,219.0657081
-13.61551435,-8.916857711,219.0233173
-13.64644403,-9.095261289,219.0253633
-13.66754731,-9.277933915,219.0226766
-13.70253789,-9.470922649,219.0321408
-13.73005296,-9.682457857,218.9787906
-13.75181461,-9.884095893,218.9764205
-13.78562927,-10.11193,219.0233644
-13.81642741,-10.33485743,218.9477783
-13.84923015,-10.54370702,218.9634385
-13.88651273,-10.79048125,218.988429
-13.92256744,-10.99812607,218.9884374
-13.95617664,-11.22656733,218.9591905
-13.99131838,-11.43457557,218.9387276
-14.01706753,-11.63893394,218.9111622
-14.04160839,-11.81710551,218.9111792
-14.07666162,-12.02439705,218.91117
-14.11673754,-12.24189787,218.9111733
-14.14449669,-12.47783659,218.8706336
-14.17313308,-12.68593283,218.899408
-14.19794289,-12.89735179,218.9043879
-14.22439045,-13.10828108,218.9111628
-14.25334756,-13.29413849,218.883748
-14.27450767,-13.4833121,218.9111816
-14.30316267,-13.68147048,218.9108304
-14.33518474,-13.88614174,218.8740265
-14.36504719,-14.10531173,218.833915
-14.39553271,-14.31614244,218.8339072
-14.42148741,-14.52081788,218.8339035
-14.45627271,-14.78569993,218.8295923
-14.48826617,-15.01026621,218.7566373
-14.51568485,-15.21503933,218.7600074
-14.5465198,-15.4295883,218.7603047
-14.57723717,-15.63802574,218.7625668
-14.60321424,-15.84083878,218.7057957
-14.62712529,-16.04324583,218.7164388
-14.66786715,-16.28987281,218.7193886
-14.69932774,-16.51763811,218.7052377
-14.72976887,-16.75414962,218.7243574
-14.76564289,-17.02160423,218.7162981
-14.80079493,-17.27501375,218.7004187
-14.83756089,-17.56102378,218.6613016
-14.87518869,-17.80611518,218.6769146
-14.91565564,-18.05100889,218.6511385
-14.94596908,-18.26301959,218.6556525
-14.97010244,-18.44344697,218.6347403
-14.99654277,-18.62585435,218.5883162
-15.0250248,-18.80954875,218.5645411
-15.04877283,-18.99229903,218.567985
-15.07453054,-19.15799774,218.6021071
-15.10836877,-19.34866919,218.6248182
-15.14605374,-19.57498168,218.6020878
-15.18485034,-19.82200144,218.5248433
-15.21595483,-20.02985558,218.5248304
-15.24684859,-20.25518038,218.5534354
-15.27753237,-20.46233809,218.5323456
-15.30416094,-20.64993789,218.5181059
-15.33929077,-20.8555743,218.4798514
-15.36338019,-21.07055881,218.4950233
-15.39843189,-21.30191596,218.4475783
-15.43040873,-21.5360257,218.4475805
-15.47177509,-21.76924038,218.4475848
-15.50583684,-21.97514425,218.4475614
-15.53688408,-22.19385604,218.3702912
-15.56581457,-22.43248506,218.3702925
-15.58932653,-22.6255907,218.3702963
-15.62598361,-22.84323118,218.3703033
-15.65562302,-23.07364627,218.3668198
-15.68494428,-23.2503355,218.2929945
-15.72295872,-23.50091518,218.2930171
-15.75143795,-23.72899143,218.3703036
-15.78678727,-23.9523901,218.353841
-15.81940019,-24.16653085,218.2930221
-15.86082819,-24.37831079,218.2930155
-15.90176955,-24.58123807,218.2330584
-15.92711086,-24.77149452,218.2157462
-15.9636377,-24.99090198,218.2191494
-16.00344088,-25.21129121,218.2151894
-16.04310263,-25.45035167,218.1619311
-16.07872847,-25.680804,218.1528346
-16.11934968,-25.94110529,218.134364
-16.16609499,-26.25514481,218.1384982
-16.20815753,-26.50831925,218.3032046
-16.25402923,-26.77348344,218.3624533
-16.29637893,-26.98017913,218.1384773
-16.3270043,-27.23213487,218.0612313
-16.36908567,-27.45586289,218.0670701
-16.41897124,-27.69589529,218.8761765
-16.45511569,-27.94813834,217.996816
-16.4908458,-28.23175662,217.983946
-16.53336848,-28.48360732,217.9839516
-16.56761596,-28.75926828,217.9839681
-16.60009647,-28.98589224,217.956428
-16.63880139,-29.24147875,217.9270332
-16.67301797,-29.45702445,217.9066737
-16.71258085,-29.69453112,217.9327518
-16.75376566,-29.96577149,217.9066837
-16.78809743,-30.20044369,217.8294185
-16.82524047,-30.4445095,217.8294042
-16.86250987,-30.72044407,217.8813745
-16.91075619,-30.98109704,217.7521484
-16.93519863,-31.24210537,217.757147
-16.98042515,-31.49491882,217.7846385
-17.01628962,-31.73847966,217.6748864
-17.06645163,-32.04983965,217.6552542
-17.10912591,-32.34667953,217.5975988
-17.1561204,-32.66426238,217.5355445
-17.18354349,-32.91451651,217.5203348
-17.2312507,-33.19244913,217.6380267
-17.2597433,-33.45034673,217.857124
-17.29262606,-33.73824914,217.8311124
-17.32162457,-34.01302469,217.8387732
-17.35008978,-34.29063257,217.5322893
-17.38114364,-34.54598514,217.3704902
-17.42010968,-34.81771024,217.4090633
-17.45946244,-35.11060292,217.3451466
-17.49045143,-35.34914197,217.3385519
-17.52037576,-35.58706169,217.2981371
-17.54448962,-35.90682539,217.2945452
-17.551384,-36.15651843,217.2996346
-17.53687505,-36.47896804,217.2091244
-17.52364129,-36.70645776,217.1526681
-17.5130922,-36.95039628,217.135226
-17.48951855,-37.18495773,217.1166902
-17.4682458,-37.42539782,217.1570148
-17.44692102,-37.69407315,217.0805246
-17.42800469,-37.90752513,216.9794364
-17.40909443,-38.13349106,216.9794703
-17.38699383,-38.36280899,216.9892888
-17.35900072,-38.6057654,216.9512805
-17.3325523,-38.83502967,216.9414707
-17.29187554,-39.07972154,216.9022018
-17.26356782,-39.28796918,216.9021933
-17.23007064,-39.48379786,216.9021875
-17.19651826,-39.70264564,216.9517763
-17.15469486,-39.95313365,216.9450253
-17.11200652,-40.18855023,216.9354585
-17.05404636,-40.47510141,216.9366491
-17.00059344,-40.6814805,216.9205632
-16.94674274,-40.92912728,216.8852172
-16.88522379,-41.15735624,216.8491192
-16.8094671,-41.4282505,216.8721046
-16.73071943,-41.66028706,216.8168738
-16.65271462,-41.91584998,216.827152
-16.55965337,-42.13252025,216.7357736
-16.47651253,-42.36715153,216.7541844
-16.37363608,-42.60647195,216.741962
-16.26030652,-42.85897081,216.714194
-16.16587527,-43.08819251,216.7237668
-16.05677154,-43.32159921,216.7429499
-15.96274342,-43.51901465,216.7028447
-15.85681394,-43.71877508,216.6513117
-15.73782595,-43.91829274,216.6845698
-15.61617102,-44.09242917,216.6424508
-15.5282756,-44.23873455,216.6533899
-15.42814834,-44.40580541,216.6224906
-15.3226687,-44.58574933,216.6397083
-15.21126775,-44.7341622,216.5970864
-15.09622071,-44.89015506,216.6544427
-14.99639532,-45.0427991,216.6366412
-14.88398631,-45.19696822,216.6487994
-14.76203428,-45.33589507,216.644714
-14.64177137,-45.48050419,216.63279
-14.51563601,-45.62003165,216.6079471
-14.38554057,-45.76377748,216.5679597
-14.26224778,-45.90101195,216.6072268
-14.14152299,-46.03243177,216.6517244
-14.01517519,-46.15998979,216.6365844
-13.87050181,-46.27619011,216.6273992
-13.76139641,-46.39173634,216.6348941
-13.63559816,-46.4923043,216.6703861
-13.50654435,-46.59276308,216.6207272
-13.36864831,-46.71110431,216.6803128
-13.20406439,-46.83131593,216.6404601
-13.06341595,-46.93657253,216.6488567
-12.90664283,-47.04061166,216.662001
-12.74665692,-47.14825059,216.6703936
-12.60037239,-47.22835191,216.6479149
-12.45236892,-47.31151287,216.6370032
-12.29723432,-47.39894908,216.5975364
-12.15167508,-47.47660389,216.6384226
-12.02745255,-47.53733648,216.6202191
-11.88985592,-47.61334843,216.635199
-11.76264869,-47.67155043,216.7407229
-11.62191896,-47.72973161,216.7167265
-11.49205115,-47.78506669,216.7387992
-11.35490673,-47.82854811,216.7426588
-11.20280414,-47.88603078,216.8761304
-11.091129,-47.92534563,216.9208764
-10.95580851,-47.96041661,216.931546
-10.8431946,-47.98826007,216.9496576
-10.7417914,-48.01088629,216.9691327
-10.61943117,-48.04852609,216.9374019
-10.47215405,-48.07828044,216.9785648
-10.34550916,-48.10024147,216.9794544
-10.21815668,-48.13033297,216.9950901
-10.08075681,-48.15142924,217.0315252
-9.920888501,-48.18477963,217.010059
-9.768138948,-48.19941296,216.979463
-9.611337002,-48.2178816,216.9794601
-9.44938468,-48.24722364,216.9712014
-9.351443366,-48.25926737,216.9684661
-9.243048369,-48.26780551,216.9580109
-9.154664543,-48.27696743,216.9809398
-9.047783276,-48.28462626,216.9809402
-8.943500802,-48.29070601,217.0036625
-8.842988063,-48.29870885,216.9800912
-8.766259906,-48.30661373,216.9753709
-8.688045224,-48.31027086,216.9754985
-8.608320336,-48.3160078,216.9639956
-8.537434627,-48.3210024,216.9809453
-8.459770653,-48.33115492,216.9572196
-8.380835973,-48.3345015,216.9423068
-8.280634965,-48.34906451,216.9423208
-8.166823253,-48.36775168,216.9207927
-8.05469057,-48.3977139,216.9172924
-7.962505819,-48.42379252,216.9105818
-7.854987031,-48.44451872,216.9036726
-7.73029787,-48.46944048,216.912567
-7.600194295,-48.48905505,216.888204
-7.448289706,-48.5077919,216.877555
-7.31110068,-48.52254845,216.9036817
-7.171354687,-48.54082504,216.9036725
-7.05284169,-48.56972808,216.882129
-6.925573895,-48.60004742,216.9036766
-6.818420329,-48.62190067,216.9036818
-6.700298393,-48.64959391,216.9087226
-6.584958216,-48.67314837,216.9057195
-6.477169855,-48.69492453,216.9144007
-6.343210078,-48.71125621,216.918627
-6.228925825,-48.72777471,216.8900566
-6.1146773,-48.74423338,216.8840909
-6.010273346,-48.76461825,216.8757154
-5.924409353,-48.78366885,216.9013278
-5.832304838,-48.81370615,216.8888683
-5.721879307,-48.83919611,216.9063176
-5.59135828,-48.85736755,216.8998613
-5.482400359,-48.87167702,216.8907828
-5.384365116,-48.88727658,216.9213094
-5.267668994,-48.90835231,216.9228713
-5.152794364,-48.92796447,216.9222999
-5.040172239,-48.94350879,216.9041622
-4.950326214,-48.95468491,216.9041625
-4.846433475,-48.97280511,216.9423103
-4.742617274,-48.99126421,216.8902407
-4.649092314,-49.00896762,216.8986397
-4.564743327,-49.02289345,216.928148
-4.484772221,-49.03657224,216.9036721
-4.40323347,-49.04833754,216.903672
-4.319010453,-49.06055311,216.9180273
-4.240283205,-49.06912345,216.8880145
-4.15078201,-49.07798951,216.9036771
-4.060912502,-49.09000512,216.933251
-3.970275836,-49.09889751,216.9060915
-3.880325562,-49.10813557,216.909728
-3.784220996,-49.11894929,216.9362507
-3.689076946,-49.1354746,216.8961361
-3.567836774,-49.1606414,216.8703432
-3.451049472,-49.1892363,216.8973049
-3.34729001,-49.20912398,216.9119347
-3.225632905,-49.23473915,216.9150797
-3.101882222,-49.25423303,216.9429432
-2.943333473,-49.27417097,216.9423057
-2.818255442,-49.28593741,216.9423113
-2.69287986,-49.29474575,216.942306
-2.536778612,-49.30153918,216.9423116
-2.431243493,-49.3005607,216.9423112
-2.295639857,-49.30534325,216.9497852
-2.178106345,-49.31122884,216.9505884
-2.057313934,-49.31480071,216.942312
-1.923186995,-49.31492278,216.9641987
-1.732164228,-49.30683968,216.9521008
-1.578243011,-49.30404515,216.9794511
-1.429295107,-49.29861181,216.9794508
-1.282052298,-49.29162171,217.0280286
-1.145848688,-49.28671554,217.0391033
-1.019578708,-49.27926132,217.0525139
-0.885420566,-49.26470133,217.0379035
-0.740516766,-49.24744847,217.0527332
-0.579269922,-49.222252,217.117675
-0.429732008,-49.19301486,217.0996867
-0.276926749,-49.15718911,217.134012
-0.125733727,-49.12246882,217.1373249
0.027384121,-49.08570187,217.2373601
0.171539158,-49.03676207,217.2837725
0.319787188,-48.9842696,217.2101253
0.477996846,-48.92836112,217.1449981
0.643426445,-48.86018431,217.1781209
0.806473039,-48.78652745,217.1310247
0.93669101,-48.72891574,217.133997
1.058946629,-48.66752825,217.0807838
1.19062067,-48.59622093,217.0567325
1.334848023,-48.51972371,216.9845012
1.455403597,-48.45968625,216.9967179
1.562489914,-48.40177612,216.9794658
1.711871829,-48.31412861,216.9052636
1.848408116,-48.21697253,216.9030896
1.986220885,-48.10793154,216.8867133
2.115157677,-48.00223382,216.856163
2.242820839,-47.89978321,216.8134759
2.35565424,-47.80308056,216.7770613
2.469453008,-47.70900048,216.7334944
2.585958354,-47.60022913,216.7192124
2.697369053,-47.48421628,216.6998264
2.813643616,-47.37570998,216.7004104
2.922642998,-47.26466208,216.676086
3.035740124,-47.14899877,216.7002429
3.143042032,-47.03426839,216.6742381
3.304575097,-46.85278748,216.6510762
3.463151517,-46.66810076,216.6016292
3.60113466,-46.50151292,216.5636833
3.735089176,-46.32682723,216.5387825
3.853186188,-46.16881004,216.5294448
3.98202936,-45.96432006,216.4853907
4.09516951,-45.79367863,216.4812458
4.201542194,-45.62037147,216.4695015
4.305682553,-45.43577283,216.5055057
4.41180952,-45.24059873,216.4444659
4.503712801,-45.04141983,216.4416643
4.609613084,-44.83564565,216.4244353
4.703709945,-44.61753431,216.4034466
4.782024939,-44.4258219,216.4339138
4.883280748,-44.16904753,216.5158466
4.973769218,-43.95159391,216.5158421
5.059271386,-43.72784599,216.5995327
5.123477302,-43.50173163,216.5931212
5.181201511,-43.30039002,216.65253
5.256080783,-43.06796933,216.6928391
5.327655019,-42.80758402,216.739263
5.408071671,-42.52744857,216.75334
5.46607068,-42.29269456,216.8682532
5.526345799,-42.06236347,216.9010062
5.59437007,-41.80935885,216.9654644
5.675746949,-41.54421633,216.979465
5.746621391,-41.31377471,217.022465
5.811123001,-41.08272736,217.0567379
5.876146414,-40.84981856,217.0966738
5.944427303,-40.61391565,217.1339913
6.002824485,-40.40267311,217.1494686
6.069151288,-40.16421909,217.2112742
6.138810034,-39.91509972,217.2112748
6.203117559,-39.68075378,217.21974
6.2836812,-39.41613089,217.2697372
6.34732528,-39.2045566,217.2885243
6.417014734,-38.95619235,217.2885356
6.476594505,-38.7478933,217.2934923
6.534426968,-38.5427182,217.3167495
6.577902387,-38.35336014,217.3657943
6.644355545,-38.11919638,217.3658138
6.708514953,-37.90327215,217.3658272
6.757562283,-37.71876103,217.3658009
6.822610646,-37.47653735,217.3657863
6.869668824,-37.28770199,217.365804
6.918110528,-37.08613602,217.4091368
6.963649541,-36.88044798,217.4430782
7.003654476,-36.66933947,217.4430829
7.041880946,-36.46662202,217.4470796
7.070125995,-36.23201837,217.443081
7.104657707,-35.99672541,217.4430758
7.136957695,-35.78253711,217.4430656
7.16014139,-35.55247143,217.4430533
7.178576431,-35.32607339,217.4430632
7.188880824,-35.10084532,217.4430578
7.192586113,-34.88795982,217.4430777
7.193874498,-34.66493682,217.443082
7.186509147,-34.45928733,217.4430517
7.169848595,-34.23903926,217.4444672
7.146562437,-34.05553768,217.5203425
7.116395706,-33.85234507,217.5203316
7.082857691,-33.66261381,218.4533678
7.056009254,-33.47307713,217.6964648
7.029431552,-33.31188678,217.5624166
6.990769001,-33.11658457,217.5866904
6.947039648,-32.93773632,217.520346
6.890776377,-32.75846109,217.4600596
6.829298913,-32.6125809,217.4484365
6.752225559,-32.47402458,217.5768453
6.64863229,-32.31775105,217.535808
6.551065031,-32.22158943,217.5236535
6.440055363,-32.15244477,217.5203314
6.313184476,-32.12339609,217.520349
6.193760819,-32.10355559,217.52034
6.062371197,-32.10223599,217.6481572
5.914391999,-32.09185216,217.5203414
5.787357975,-32.07347825,217.5311112
5.677056283,-32.06598881,217.520349
5.56926342,-32.06065846,217.5203314
5.452846559,-32.04905476,217.5203426
5.32999962,-32.05893813,217.5203301
5.177756214,-32.05952953,217.5203381
5.071817187,-32.05039951,217.5203388
4.950286113,-32.05080924,217.5592959
4.831268068,-32.04003188,217.5416846
4.705941402,-32.03373109,217.5551424
4.59599851,-32.01382494,217.5976153
4.454474708,-31.99628744,217.6147837
4.299041172,-31.97730012,217.6166041
4.193023865,-31.96502594,217.6128578
4.072976356,-31.95798872,217.5976054
3.950646762,-31.93910288,217.5976161
3.830140688,-31.92339237,217.59761
3.724598538,-31.91128792,217.5976073
3.608255549,-31.89393818,217.6129426
3.517255254,-31.88539548,217.6192809
3.427316024,-31.86973932,217.5997761
3.323072624,-31.85693787,217.6349603
3.190975996,-31.84207497,217.6748943
3.047360022,-31.81996954,217.7054717
2.898177836,-31.76545575,217.7521431
2.739427657,-31.67922368,217.752165
2.586792491,-31.5650484,217.7624063
2.47281909,-31.46727406,217.8294136
2.350463002,-31.33959198,217.9067051
2.244467926,-31.19908697,217.9066867
2.14065612,-31.05169073,217.9066815
2.053331431,-30.86751496,217.9839472
1.989729119,-30.69301859,217.9839475
1.930329671,-30.53326613,217.9887416
1.876588595,-30.35417638,218.0276083
1.854705434,-30.17697876,218.0038756
1.824905942,-29.97386238,218.0263377
1.818988773,-29.78191707,218.0612159
1.805752526,-29.58781752,218.0612162
1.786721603,-29.42478156,218.0612372
1.768756601,-29.23501455,218.1378668
1.728191714,-29.05125523,218.1384859
1.682265781,-28.90511004,218.138504
1.645005375,-28.77394614,218.1384858
1.591690224,-28.61318761,218.1384876
1.536168132,-28.46256779,218.1453731
1.451143281,-28.31313065,218.1385079
1.363159674,-28.18238238,218.1384889
1.265121501,-28.06979127,218.1384502
1.166165326,-27.96156154,218.122794
1.063243673,-27.85290438,218.1363349
0.929946883,-27.72102504,218.1384834
0.813076059,-27.63006424,218.1384843
0.68085626,-27.55743648,218.1384688
0.546534673,-27.47016093,218.1296384
0.409940974,-27.39747465,218.1384853
0.26764283,-27.33886807,218.1384874
0.122719504,-27.29945307,218.1105132
-0.019355643,-27.26511564,218.0692922
-0.157301052,-27.22710864,218.1132461
-0.285694834,-27.19937267,218.1014766
-0.430567706,-27.18541169,218.0919881
-0.546105852,-27.17364077,218.0612182
-0.658072734,-27.16210799,218.0184899
-0.799510334,-27.15400284,218.1144915
-0.907239883,-27.13843238,218.1190969
-1.05533119,-27.12355505,218.0981554
-1.203323296,-27.10913701,218.1210367
-1.337565211,-27.08749544,218.0612191
-1.471940666,-27.07487681,218.1384896
-1.641702052,-27.05417348,218.1384861
-1.804854111,-27.04188724,218.1384952
-2.011497713,-27.0145406,218.2157574
-2.191393598,-26.97762814,218.2157539
-2.392543818,-26.90508316,218.2698108
-2.539693377,-26.83751825,218.3005819
-2.722696634,-26.73563314,218.3163597
-2.862658962,-26.64949354,218.3579291
-2.997275024,-26.53517861,218.370288
-3.115871586,-26.41340956,218.3702556
-3.227308351,-26.27274753,218.3702898
-3.319693558,-26.12244626,218.3702888
-3.395959801,-25.9841515,218.4445213
-3.479868032,-25.82834426,218.3602488
-3.569227803,-25.64540905,218.4102019
-3.63561289,-25.44104208,218.3702843
-3.701364349,-25.25692544,218.3707713
-3.73459494,-25.00580818,218.3651488
-3.743019615,-24.78183626,218.3702919
-3.741262029,-24.56388747,218.3140156
-3.694224209,-24.30182984,218.3098415
-3.647163445,-24.04070869,218.2930224
-3.601387206,-23.75972162,218.370294
-3.556500422,-23.48228774,218.3702941
-3.502058602,-23.19866321,218.3702905
-3.467691426,-22.95390764,218.3703013
-3.434862374,-22.75047069,218.4331801
-3.402609274,-22.55272277,218.4551646
-3.365851338,-22.30210753,218.4197056
-3.330955122,-22.07387992,218.4425978
-3.300709085,-21.87110278,218.4475529
-3.263589543,-21.63987754,218.4155594
-3.231718773,-21.42572248,218.4145276
-3.196287047,-21.18724693,218.4383055
-3.166556513,-20.96951167,218.4784797
-3.124184791,-20.72404857,218.4475731
-3.092432128,-20.47165418,218.4737055
-3.06367251,-20.22024115,218.4930414
-3.030691814,-19.98155557,218.4534017
-2.987863157,-19.73103507,218.5084003
-2.951645588,-19.47882274,218.4894195
-2.915419921,-19.23139715,218.5248287
-2.875724737,-18.97850518,218.5986213
-2.835519175,-18.74835911,218.507334
-2.796078033,-18.49841263,218.5750544
-2.760862065,-18.27437092,218.5705093
-2.717320741,-18.03809653,218.5661375
-2.682492965,-17.80280229,218.5862807
-2.638302303,-17.54272108,218.5610659
-2.599810416,-17.3012883,218.5751686
-2.558911825,-17.06200625,218.6348797
-2.526016846,-16.81959715,218.6793659
-2.487003282,-16.55628254,218.634571
-2.443229357,-16.27518069,218.6478171
-2.403289066,-16.02433446,218.6090047
-2.367012748,-15.78609473,218.6793555
-2.332412262,-15.54928482,218.679365
-2.295445731,-15.29511416,218.6771148
-2.258117063,-15.03834194,218.6793679
-2.214754616,-14.74902127,218.6837886
-2.179328571,-14.52723932,218.7295171
-2.138990532,-14.29209732,218.7199295
-2.110817474,-14.07655457,218.739045
-2.077221846,-13.83390746,218.7440792
-2.040667219,-13.59376644,218.756644
-2.00308188,-13.34928752,218.7566396
-1.969735897,-13.12016388,218.7835459
-1.936811396,-12.87445129,218.8469845
-1.906842901,-12.63137432,218.8338945
-1.875381311,-12.40232665,218.8319845
-1.825494789,-12.06806898,218.8467589
-1.797769896,-11.87813584,218.8520777
-1.759190866,-11.65653106,218.8339229
-1.719656335,-11.41319366,218.8339273
-1.677945976,-11.16531298,218.8339034
-1.644352395,-10.92661549,218.8339022
-1.606398658,-10.66840254,218.9111733
-1.570507304,-10.45496904,218.9111857
-1.526370577,-10.18037444,218.9111808
-1.486666555,-9.937260029,218.9111617
-1.449037842,-9.692285035,218.9111748
-1.415660899,-9.446605289,218.9111741
-1.38169826,-9.210151163,218.9111704
-1.352026742,-8.999116075,218.9111796
-1.311044519,-8.7493015,218.9657012
-1.276208338,-8.513143985,218.9884322
-1.239354238,-8.286033243,218.9862877
-1.207868737,-8.062151998,218.988438
-1.17987502,-7.854550481,218.9884407
-1.145896503,-7.661453486,218.9884344
-1.11722038,-7.472283486,218.9884303
-1.089886989,-7.253528444,218.9884284
-1.054290642,-7.042515954,218.9884297
-1.028574181,-6.860355543,218.9690122
-0.988555922,-6.634222372,219.0186526
-0.956201546,-6.410100132,219.031213
-0.933644306,-6.225393398,218.9796849
-0.906169471,-6.048358784,219.0054366
-0.882653457,-5.890048993,219.0331518
-0.854519278,-5.715701872,218.9403092
-0.828237079,-5.529293196,218.9647636
-0.803106316,-5.358607939,218.9884468
-0.771226388,-5.139115633,218.9884483
-0.740341753,-4.93654521,218.9884337
-0.719534219,-4.773256141,218.9402049
-0.689818363,-4.580242716,218.9665364
-0.658269692,-4.395247683,218.9589711
-0.629205633,-4.188210101,218.9468621
-0.599629836,-4.000050582,218.9742855
-0.56938541,-3.803198835,218.988431
-0.547272167,-3.627596243,219.0123861
-0.51933595,-3.460684424,218.9884374
-0.496919189,-3.30679479,218.9884575
-0.473903646,-3.151414844,218.9884225
-0.449731563,-3.002867551,219.0221256
-0.424394228,-2.826861053,218.9935137
-0.399986088,-2.677897729,219.0022177
-0.374865057,-2.523741101,219.0157431
-0.346096274,-2.354224403,219.0563216
-0.325257849,-2.205320177,218.988441
-0.305746556,-2.063604458,219.0403481
-0.284845699,-1.916272552,219.0169904
-0.264576685,-1.767993492,218.9884558
-0.242087581,-1.625217422,219.0106678
-0.220178568,-1.464327179,218.9948978
-0.201851502,-1.350024991,219.0497474
-0.18351067,-1.221712856,219.0657093
-0.163010754,-1.096989129,218.9888661
-0.141798776,-0.978105707,219.0122269
-0.126841973,-0.871615045,219.0634513
-0.111100379,-0.762038227,219.036663
-0.092669614,-0.651505499,219.02558
-0.080180921,-0.557835302,219.026269
-0.067472164,-0.462791014,219.019045
-0.054667212,-0.366723322,219.0204426
-0.035339111,-0.250219642,219.0150598
-0.010523118,-0.117939936,219.0657087
4.34068E-08,-1.48629E-06,219.0749519
