Id,Latitude,Longitude
0,39.791993,-86.238692
1,39.792013,-86.238693
2,39.792028,-86.238694
3,39.792037,-86.238694
4,39.792046,-86.238694
5,39.792055,-86.238694
6,39.792064,-86.238694
7,39.792073,-86.238694
8,39.792082,-86.238694
9,39.792091,-86.238694
10,39.7921,-86.238694
11,39.792109,-86.238694
12,39.792118,-86.238694
13,39.792127,-86.238694
14,39.792136,-86.238694
15,39.792145,-86.238694
16,39.792154,-86.238694
17,39.792163,-86.238694
18,39.792172,-86.238694
19,39.792181,-86.238694
20,39.79219,-86.238695
21,39.792199,-86.238695
22,39.792208,-86.238695
23,39.792217,-86.238695
24,39.792226,-86.238695
25,39.792235,-86.238695
26,39.792244,-86.238695
27,39.792253,-86.238696
28,39.792262,-86.238696
29,39.792271,-86.238696
30,39.79228,-86.238696
31,39.792289,-86.238696
32,39.792298,-86.238696
33,39.792307,-86.238696
34,39.792316,-86.238697
35,39.792325,-86.238697
36,39.792334,-86.238697
37,39.792343,-86.238697
38,39.792352,-86.238697
39,39.792361,-86.238697
40,39.79237,-86.238698
41,39.792379,-86.238698
42,39.792388,-86.238698
43,39.792397,-86.238698
44,39.792406,-86.238699
45,39.792415,-86.238699
46,39.792424,-86.238699
47,39.792432,-86.2387
48,39.792441,-86.2387
49,39.79245,-86.2387
50,39.792459,-86.238701
51,39.792468,-86.238701
52,39.792477,-86.238702
53,39.792486,-86.238702
54,39.792495,-86.238702
55,39.792504,-86.238702
56,39.792513,-86.238703
57,39.792522,-86.238703
58,39.792531,-86.238703
59,39.79254,-86.238703
60,39.792549,-86.238703
61,39.792558,-86.238704
62,39.792567,-86.238704
63,39.792576,-86.238704
64,39.792585,-86.238704
65,39.792594,-86.238704
66,39.792603,-86.238705
67,39.792612,-86.238705
68,39.792621,-86.238705
69,39.79263,-86.238705
70,39.792639,-86.238706
71,39.792648,-86.238706
72,39.792657,-86.238706
73,39.792666,-86.238706
74,39.792675,-86.238706
75,39.792684,-86.238706
76,39.792693,-86.238706
77,39.792702,-86.238706
78,39.792711,-86.238706
79,39.79272,-86.238707
80,39.792729,-86.238707
81,39.792738,-86.238707
82,39.792747,-86.238707
83,39.792756,-86.238707
84,39.792765,-86.238707
85,39.792774,-86.238707
86,39.792783,-86.238707
87,39.792792,-86.238707
88,39.792801,-86.238707
89,39.79281,-86.238708
90,39.792819,-86.238708
91,39.792828,-86.238708
92,39.792837,-86.238708
93,39.792846,-86.238708
94,39.792855,-86.238708
95,39.792864,-86.238708
96,39.792873,-86.238708
97,39.792882,-86.238709
98,39.792891,-86.238709
99,39.7929,-86.238709
100,39.792909,-86.238709
101,39.792918,-86.238709
102,39.792927,-86.238709
103,39.792936,-86.238709
104,39.792945,-86.238709
105,39.792954,-86.238709
106,39.792963,-86.238709
107,39.792971,-86.23871
108,39.79298,-86.23871
109,39.792989,-86.23871
110,39.792998,-86.23871
111,39.793007,-86.23871
112,39.793016,-86.23871
113,39.793025,-86.23871
114,39.793034,-86.23871
115,39.793043,-86.23871
116,39.793052,-86.238711
117,39.793061,-86.238711
118,39.79307,-86.238711
119,39.793079,-86.238711
120,39.793088,-86.238711
121,39.793097,-86.238712
122,39.793106,-86.238712
123,39.793115,-86.238712
124,39.793124,-86.238712
125,39.793133,-86.238713
126,39.793142,-86.238713
127,39.793151,-86.238713
128,39.79316,-86.238713
129,39.793169,-86.238713
130,39.793178,-86.238713
131,39.793187,-86.238713
132,39.793196,-86.238713
133,39.793205,-86.238713
134,39.793214,-86.238714
135,39.793223,-86.238714
136,39.793232,-86.238714
137,39.793241,-86.238714
138,39.79325,-86.238714
139,39.793259,-86.238714
140,39.793268,-86.238714
141,39.793277,-86.238714
142,39.793286,-86.238714
143,39.793295,-86.238715
144,39.793304,-86.238715
145,39.793313,-86.238715
146,39.793322,-86.238715
147,39.793331,-86.238715
148,39.79334,-86.238716
149,39.793349,-86.238716
150,39.793358,-86.238716
151,39.793367,-86.238716
152,39.793376,-86.238717
153,39.793385,-86.238717
154,39.793394,-86.238717
155,39.793403,-86.238717
156,39.793412,-86.238717
157,39.793421,-86.238717
158,39.79343,-86.238717
159,39.793439,-86.238717
160,39.793448,-86.238717
161,39.793457,-86.238718
162,39.793466,-86.238718
163,39.793475,-86.238718
164,39.793484,-86.238718
165,39.793493,-86.238718
166,39.793501,-86.238718
167,39.79351,-86.238718
168,39.793519,-86.238718
169,39.793528,-86.238718
170,39.793537,-86.238718
171,39.793546,-86.238719
172,39.793555,-86.238719
173,39.793564,-86.238719
174,39.793573,-86.238719
175,39.793582,-86.238719
176,39.793591,-86.23872
177,39.7936,-86.23872
178,39.793609,-86.23872
179,39.793618,-86.23872
180,39.793627,-86.23872
181,39.793636,-86.238721
182,39.793645,-86.238721
183,39.793654,-86.238721
184,39.793663,-86.238721
185,39.793672,-86.238721
186,39.793681,-86.238722
187,39.79369,-86.238722
188,39.793699,-86.238722
189,39.793708,-86.238722
190,39.793717,-86.238722
191,39.793726,-86.238723
192,39.793735,-86.238723
193,39.793744,-86.238723
194,39.793753,-86.238723
195,39.793762,-86.238724
196,39.793771,-86.238724
197,39.79378,-86.238724
198,39.793789,-86.238724
199,39.793798,-86.238724
200,39.793807,-86.238724
201,39.793816,-86.238725
202,39.793825,-86.238725
203,39.793834,-86.238725
204,39.793843,-86.238725
205,39.793852,-86.238726
206,39.793861,-86.238726
207,39.79387,-86.238726
208,39.793879,-86.238727
209,39.793888,-86.238727
210,39.793897,-86.238727
211,39.793906,-86.238727
212,39.793915,-86.238728
213,39.793924,-86.238728
214,39.793933,-86.238728
215,39.793942,-86.238729
216,39.793951,-86.238729
217,39.79396,-86.238729
218,39.793969,-86.23873
219,39.793978,-86.23873
220,39.793987,-86.238731
221,39.793996,-86.238731
222,39.794005,-86.238731
223,39.794014,-86.238732
224,39.794023,-86.238732
225,39.794031,-86.238732
226,39.79404,-86.238732
227,39.794049,-86.238733
228,39.794058,-86.238733
229,39.794067,-86.238733
230,39.794076,-86.238733
231,39.794085,-86.238734
232,39.794094,-86.238734
233,39.794103,-86.238734
234,39.794112,-86.238735
235,39.794121,-86.238735
236,39.79413,-86.238735
237,39.794139,-86.238735
238,39.794148,-86.238735
239,39.794157,-86.238735
240,39.794166,-86.238735
241,39.794175,-86.238735
242,39.794184,-86.238735
243,39.794193,-86.238735
244,39.794202,-86.238735
245,39.794211,-86.238735
246,39.79422,-86.238735
247,39.794229,-86.238735
248,39.794238,-86.238735
249,39.794247,-86.238735
250,39.794256,-86.238735
251,39.794265,-86.238735
252,39.794274,-86.238735
253,39.794283,-86.238735
254,39.794292,-86.238735
255,39.794301,-86.238735
256,39.79431,-86.238735
257,39.794319,-86.238735
258,39.794328,-86.238735
259,39.794337,-86.238735
260,39.794346,-86.238735
261,39.794355,-86.238735
262,39.794364,-86.238735
263,39.794373,-86.238735
264,39.794382,-86.238735
265,39.794391,-86.238735
266,39.7944,-86.238736
267,39.794409,-86.238736
268,39.794418,-86.238736
269,39.794427,-86.238736
270,39.794436,-86.238736
271,39.794445,-86.238736
272,39.794454,-86.238737
273,39.794463,-86.238737
274,39.794472,-86.238737
275,39.794481,-86.238737
276,39.79449,-86.238737
277,39.794499,-86.238737
278,39.794508,-86.238738
279,39.794517,-86.238738
280,39.794526,-86.238738
281,39.794535,-86.238738
282,39.794544,-86.238738
283,39.794553,-86.238738
284,39.794562,-86.238739
285,39.79457,-86.238739
286,39.794579,-86.238739
287,39.794588,-86.238739
288,39.794597,-86.238739
289,39.794606,-86.238739
290,39.794615,-86.238739
291,39.794624,-86.238739
292,39.794633,-86.238739
293,39.794642,-86.238739
294,39.794651,-86.238739
295,39.79466,-86.238739
296,39.794669,-86.23874
297,39.794678,-86.23874
298,39.794687,-86.23874
299,39.794696,-86.23874
300,39.794705,-86.23874
301,39.794714,-86.23874
302,39.794723,-86.23874
303,39.794732,-86.23874
304,39.794741,-86.23874
305,39.79475,-86.23874
306,39.794759,-86.23874
307,39.794768,-86.23874
308,39.794777,-86.238741
309,39.794786,-86.238741
310,39.794795,-86.238741
311,39.794804,-86.238741
312,39.794813,-86.238741
313,39.794822,-86.238741
314,39.794831,-86.238741
315,39.79484,-86.238741
316,39.794849,-86.238741
317,39.794858,-86.238741
318,39.794867,-86.238742
319,39.794876,-86.238742
320,39.794885,-86.238742
321,39.794894,-86.238742
322,39.794903,-86.238742
323,39.794912,-86.238742
324,39.794921,-86.238742
325,39.79493,-86.238742
326,39.794939,-86.238742
327,39.794948,-86.238742
328,39.794957,-86.238742
329,39.794966,-86.238742
330,39.794975,-86.238742
331,39.794984,-86.238742
332,39.794993,-86.238742
333,39.795002,-86.238743
334,39.795011,-86.238743
335,39.79502,-86.238743
336,39.795029,-86.238743
337,39.795038,-86.238743
338,39.795047,-86.238743
339,39.795056,-86.238743
340,39.795065,-86.238744
341,39.795074,-86.238744
342,39.795083,-86.238744
343,39.795092,-86.238744
344,39.7951,-86.238744
345,39.795109,-86.238744
346,39.795118,-86.238745
347,39.795127,-86.238745
348,39.795136,-86.238745
349,39.795145,-86.238745
350,39.795154,-86.238745
351,39.795163,-86.238745
352,39.795172,-86.238745
353,39.795181,-86.238745
354,39.79519,-86.238746
355,39.795199,-86.238746
356,39.795208,-86.238746
357,39.795217,-86.238746
358,39.795226,-86.238746
359,39.795235,-86.238746
360,39.795244,-86.238747
361,39.795253,-86.238747
362,39.795262,-86.238747
363,39.795271,-86.238747
364,39.79528,-86.238748
365,39.795289,-86.238748
366,39.795298,-86.238748
367,39.795307,-86.238748
368,39.795316,-86.238749
369,39.795325,-86.238749
370,39.795334,-86.238749
371,39.795343,-86.238749
372,39.795352,-86.238749
373,39.795361,-86.23875
374,39.79537,-86.23875
375,39.795379,-86.23875
376,39.795388,-86.23875
377,39.795397,-86.23875
378,39.795406,-86.23875
379,39.795415,-86.23875
380,39.795424,-86.23875
381,39.795433,-86.23875
382,39.795442,-86.23875
383,39.795451,-86.23875
384,39.79546,-86.23875
385,39.795469,-86.238751
386,39.795478,-86.238751
387,39.795487,-86.238751
388,39.795496,-86.238751
389,39.795505,-86.238751
390,39.795514,-86.238751
391,39.795523,-86.238751
392,39.795532,-86.238751
393,39.795541,-86.238752
394,39.79555,-86.238752
395,39.795559,-86.238752
396,39.795568,-86.238752
397,39.795577,-86.238752
398,39.795586,-86.238753
399,39.795595,-86.238753
400,39.795604,-86.238753
401,39.795613,-86.238753
402,39.795622,-86.238753
403,39.79563,-86.238753
404,39.795639,-86.238753
405,39.795648,-86.238753
406,39.795657,-86.238753
407,39.795666,-86.238753
408,39.795675,-86.238753
409,39.795684,-86.238753
410,39.795693,-86.238753
411,39.795702,-86.238754
412,39.795711,-86.238754
413,39.79572,-86.238754
414,39.795729,-86.238754
415,39.795738,-86.238754
416,39.795747,-86.238754
417,39.795756,-86.238754
418,39.795765,-86.238754
419,39.795774,-86.238755
420,39.795783,-86.238755
421,39.795792,-86.238755
422,39.795801,-86.238755
423,39.79581,-86.238755
424,39.795819,-86.238755
425,39.795828,-86.238756
426,39.795837,-86.238756
427,39.795846,-86.238756
428,39.795855,-86.238756
429,39.795864,-86.238756
430,39.795873,-86.238756
431,39.795882,-86.238756
432,39.795891,-86.238756
433,39.7959,-86.238756
434,39.795909,-86.238756
435,39.795918,-86.238756
436,39.795927,-86.238756
437,39.795936,-86.238757
438,39.795945,-86.238757
439,39.795954,-86.238757
440,39.795963,-86.238757
441,39.795972,-86.238757
442,39.795981,-86.238757
443,39.79599,-86.238757
444,39.795999,-86.238758
445,39.796008,-86.238758
446,39.796017,-86.238758
447,39.796026,-86.238758
448,39.796035,-86.238758
449,39.796044,-86.238758
450,39.796053,-86.238759
451,39.796062,-86.238759
452,39.796071,-86.238759
453,39.79608,-86.238759
454,39.796089,-86.238759
455,39.796098,-86.238759
456,39.796107,-86.238759
457,39.796116,-86.23876
458,39.796125,-86.23876
459,39.796134,-86.23876
460,39.796143,-86.23876
461,39.796152,-86.23876
462,39.796161,-86.23876
463,39.796169,-86.238761
464,39.796178,-86.238761
465,39.796187,-86.238761
466,39.796196,-86.238761
467,39.796205,-86.238761
468,39.796214,-86.238761
469,39.796223,-86.238761
470,39.796232,-86.238761
471,39.796241,-86.238761
472,39.79625,-86.238761
473,39.796259,-86.238761
474,39.796268,-86.238761
475,39.796277,-86.238762
476,39.796286,-86.238762
477,39.796295,-86.238762
478,39.796304,-86.238762
479,39.796313,-86.238762
480,39.796322,-86.238762
481,39.796331,-86.238762
482,39.79634,-86.238762
483,39.796349,-86.238762
484,39.796358,-86.238763
485,39.796367,-86.238763
486,39.796376,-86.238763
487,39.796385,-86.238763
488,39.796394,-86.238763
489,39.796403,-86.238764
490,39.796412,-86.238764
491,39.796421,-86.238764
492,39.79643,-86.238764
493,39.796439,-86.238764
494,39.796448,-86.238764
495,39.796457,-86.238764
496,39.796466,-86.238765
497,39.796475,-86.238765
498,39.796484,-86.238765
499,39.796493,-86.238765
500,39.796502,-86.238765
501,39.796511,-86.238765
502,39.79652,-86.238766
503,39.796529,-86.238766
504,39.796538,-86.238766
505,39.796547,-86.238766
506,39.796556,-86.238766
507,39.796565,-86.238766
508,39.796574,-86.238766
509,39.796583,-86.238766
510,39.796592,-86.238766
511,39.796601,-86.238766
512,39.79661,-86.238766
513,39.796619,-86.238767
514,39.796628,-86.238767
515,39.796637,-86.238767
516,39.796646,-86.238767
517,39.796655,-86.238767
518,39.796664,-86.238767
519,39.796673,-86.238768
520,39.796682,-86.238768
521,39.796691,-86.238768
522,39.796699,-86.238768
523,39.796708,-86.238769
524,39.796717,-86.238769
525,39.796726,-86.238769
526,39.796735,-86.23877
527,39.796744,-86.23877
528,39.796753,-86.23877
529,39.796762,-86.238771
530,39.796771,-86.238771
531,39.79678,-86.238771
532,39.796789,-86.238772
533,39.796798,-86.238772
534,39.796807,-86.238772
535,39.796816,-86.238773
536,39.796825,-86.238773
537,39.796834,-86.238773
538,39.796843,-86.238774
539,39.796852,-86.238774
540,39.796861,-86.238775
541,39.79687,-86.238775
542,39.796879,-86.238776
543,39.796888,-86.238777
544,39.796897,-86.238777
545,39.796906,-86.238778
546,39.796915,-86.238778
547,39.796924,-86.238779
548,39.796933,-86.23878
549,39.796942,-86.23878
550,39.796951,-86.238781
551,39.79696,-86.238782
552,39.796969,-86.238782
553,39.796978,-86.238783
554,39.796987,-86.238783
555,39.796996,-86.238784
556,39.797005,-86.238784
557,39.797014,-86.238785
558,39.797023,-86.238786
559,39.797032,-86.238786
560,39.797041,-86.238787
561,39.79705,-86.238787
562,39.797059,-86.238788
563,39.797068,-86.238788
564,39.797077,-86.238789
565,39.797086,-86.238789
566,39.797095,-86.23879
567,39.797104,-86.23879
568,39.797113,-86.23879
569,39.797122,-86.238791
570,39.797131,-86.238791
571,39.79714,-86.238792
572,39.797149,-86.238792
573,39.797158,-86.238793
574,39.797167,-86.238793
575,39.797176,-86.238793
576,39.797185,-86.238793
577,39.797194,-86.238793
578,39.797203,-86.238794
579,39.797212,-86.238794
580,39.797221,-86.238794
581,39.797229,-86.238794
582,39.797238,-86.238795
583,39.797247,-86.238795
584,39.797256,-86.238795
585,39.797265,-86.238796
586,39.797274,-86.238796
587,39.797283,-86.238796
588,39.797292,-86.238796
589,39.797301,-86.238796
590,39.79731,-86.238796
591,39.797319,-86.238796
592,39.797328,-86.238797
593,39.797337,-86.238797
594,39.797346,-86.238797
595,39.797355,-86.238797
596,39.797364,-86.238797
597,39.797373,-86.238798
598,39.797382,-86.238798
599,39.797391,-86.238798
600,39.7974,-86.238798
601,39.797409,-86.238798
602,39.797418,-86.238798
603,39.797427,-86.238798
604,39.797436,-86.238798
605,39.797445,-86.238798
606,39.797454,-86.238798
607,39.797463,-86.238798
608,39.797472,-86.238798
609,39.797481,-86.238798
610,39.79749,-86.238798
611,39.797499,-86.238798
612,39.797508,-86.238798
613,39.797517,-86.238798
614,39.797526,-86.238798
615,39.797535,-86.238798
616,39.797544,-86.238798
617,39.797553,-86.238798
618,39.797562,-86.238798
619,39.797571,-86.238798
620,39.79758,-86.238798
621,39.797589,-86.238798
622,39.797598,-86.238797
623,39.797607,-86.238797
624,39.797616,-86.238797
625,39.797625,-86.238797
626,39.797634,-86.238797
627,39.797643,-86.238797
628,39.797652,-86.238796
629,39.797661,-86.238796
630,39.79767,-86.238796
631,39.797679,-86.238796
632,39.797688,-86.238796
633,39.797697,-86.238796
634,39.797706,-86.238795
635,39.797715,-86.238795
636,39.797724,-86.238795
637,39.797733,-86.238795
638,39.797742,-86.238795
639,39.797751,-86.238795
640,39.79776,-86.238795
641,39.797768,-86.238795
642,39.797777,-86.238795
643,39.797786,-86.238795
644,39.797795,-86.238794
645,39.797804,-86.238794
646,39.797813,-86.238794
647,39.797822,-86.238794
648,39.797831,-86.238794
649,39.79784,-86.238794
650,39.797849,-86.238794
651,39.797858,-86.238794
652,39.797867,-86.238794
653,39.797876,-86.238794
654,39.797885,-86.238794
655,39.797894,-86.238794
656,39.797903,-86.238794
657,39.797912,-86.238794
658,39.797921,-86.238794
659,39.79793,-86.238794
660,39.797939,-86.238794
661,39.797948,-86.238794
662,39.797957,-86.238794
663,39.797966,-86.238794
664,39.797975,-86.238794
665,39.797984,-86.238794
666,39.797993,-86.238794
667,39.798002,-86.238794
668,39.798011,-86.238794
669,39.79802,-86.238794
670,39.798029,-86.238794
671,39.798038,-86.238794
672,39.798047,-86.238794
673,39.798056,-86.238794
674,39.798065,-86.238794
675,39.798074,-86.238794
676,39.798083,-86.238794
677,39.798092,-86.238794
678,39.798101,-86.238794
679,39.79811,-86.238794
680,39.798119,-86.238794
681,39.798128,-86.238794
682,39.798137,-86.238794
683,39.798146,-86.238794
684,39.798155,-86.238794
685,39.798164,-86.238794
686,39.798173,-86.238794
687,39.798182,-86.238794
688,39.798191,-86.238794
689,39.7982,-86.238794
690,39.798209,-86.238794
691,39.798218,-86.238794
692,39.798227,-86.238794
693,39.798236,-86.238794
694,39.798245,-86.238794
695,39.798254,-86.238794
696,39.798263,-86.238794
697,39.798272,-86.238794
698,39.798281,-86.238794
699,39.79829,-86.238794
700,39.798298,-86.238794
701,39.798307,-86.238794
702,39.798316,-86.238793
703,39.798325,-86.238793
704,39.798334,-86.238793
705,39.798343,-86.238793
706,39.798352,-86.238793
707,39.798361,-86.238793
708,39.79837,-86.238793
709,39.798379,-86.238793
710,39.798388,-86.238793
711,39.798397,-86.238793
712,39.798406,-86.238792
713,39.798415,-86.238792
714,39.798424,-86.238792
715,39.798433,-86.238792
716,39.798442,-86.238792
717,39.798451,-86.238792
718,39.79846,-86.238792
719,39.798469,-86.238792
720,39.798478,-86.238792
721,39.798487,-86.238792
722,39.798496,-86.238791
723,39.798505,-86.238791
724,39.798514,-86.238791
725,39.798523,-86.238791
726,39.798532,-86.238791
727,39.798541,-86.238791
728,39.79855,-86.238791
729,39.798559,-86.238791
730,39.798568,-86.238791
731,39.798577,-86.238791
732,39.798586,-86.23879
733,39.798595,-86.23879
734,39.798604,-86.23879
735,39.798613,-86.23879
736,39.798622,-86.23879
737,39.798631,-86.23879
738,39.79864,-86.23879
739,39.798649,-86.23879
740,39.798658,-86.23879
741,39.798667,-86.238789
742,39.798676,-86.238789
743,39.798685,-86.238789
744,39.798694,-86.238788
745,39.798703,-86.238788
746,39.798712,-86.238788
747,39.798721,-86.238787
748,39.79873,-86.238787
749,39.798739,-86.238787
750,39.798748,-86.238786
751,39.798757,-86.238786
752,39.798766,-86.238785
753,39.798775,-86.238784
754,39.798784,-86.238783
755,39.798793,-86.238782
756,39.798802,-86.238782
757,39.798811,-86.238781
758,39.798819,-86.23878
759,39.798828,-86.238778
760,39.798837,-86.238776
761,39.798846,-86.238774
762,39.798855,-86.238773
763,39.798864,-86.238771
764,39.798873,-86.238769
765,39.798882,-86.238767
766,39.79889,-86.238764
767,39.798899,-86.23876
768,39.798907,-86.238756
769,39.798916,-86.238753
770,39.798924,-86.238749
771,39.798933,-86.238746
772,39.798941,-86.238742
773,39.798949,-86.238736
774,39.798957,-86.23873
775,39.798965,-86.238724
776,39.798972,-86.238718
777,39.79898,-86.238713
778,39.798988,-86.238707
779,39.798995,-86.2387
780,39.799002,-86.238692
781,39.799008,-86.238684
782,39.799015,-86.238676
783,39.799021,-86.238668
784,39.799028,-86.23866
785,39.799034,-86.238652
786,39.79904,-86.238643
787,39.799045,-86.238634
788,39.79905,-86.238624
789,39.799055,-86.238614
790,39.79906,-86.238604
791,39.799065,-86.238595
792,39.79907,-86.238585
793,39.799075,-86.238575
794,39.799078,-86.238564
795,39.799081,-86.238553
796,39.799085,-86.238543
797,39.799088,-86.238532
798,39.799091,-86.238521
799,39.799094,-86.23851
800,39.799097,-86.238499
801,39.7991,-86.238488
802,39.799102,-86.238476
803,39.799104,-86.238465
804,39.799106,-86.238454
805,39.799108,-86.238442
806,39.79911,-86.238431
807,39.799112,-86.23842
808,39.799115,-86.238408
809,39.799116,-86.238397
810,39.799117,-86.238385
811,39.799119,-86.238374
812,39.79912,-86.238362
813,39.799121,-86.238351
814,39.799123,-86.238339
815,39.799124,-86.238327
816,39.799126,-86.238316
817,39.799127,-86.238304
818,39.799128,-86.238293
819,39.799129,-86.238281
820,39.79913,-86.238269
821,39.799132,-86.238258
822,39.799133,-86.238246
823,39.799134,-86.238235
824,39.799135,-86.238223
825,39.799137,-86.238212
826,39.799138,-86.2382
827,39.79914,-86.238189
828,39.799142,-86.238177
829,39.799144,-86.238166
830,39.799145,-86.238154
831,39.799147,-86.238143
832,39.799149,-86.238131
833,39.799151,-86.23812
834,39.799153,-86.238109
835,39.799156,-86.238098
836,39.799159,-86.238087
837,39.799162,-86.238076
838,39.799165,-86.238064
839,39.799168,-86.238053
840,39.799171,-86.238042
841,39.799174,-86.238031
842,39.799177,-86.23802
843,39.799181,-86.23801
844,39.799185,-86.237999
845,39.799189,-86.237989
846,39.799193,-86.237979
847,39.799197,-86.237968
848,39.799201,-86.237958
849,39.799205,-86.237947
850,39.799209,-86.237937
851,39.799214,-86.237927
852,39.799219,-86.237918
853,39.799225,-86.237908
854,39.79923,-86.237899
855,39.799236,-86.237889
856,39.799241,-86.23788
857,39.799247,-86.237871
858,39.799252,-86.237861
859,39.799258,-86.237852
860,39.799264,-86.237843
861,39.79927,-86.237836
862,39.799277,-86.237828
863,39.799284,-86.23782
864,39.799291,-86.237813
865,39.799298,-86.237805
866,39.799305,-86.237797
867,39.799311,-86.237789
868,39.799318,-86.237782
869,39.799326,-86.237775
870,39.799333,-86.237769
871,39.799341,-86.237763
872,39.799349,-86.237758
873,39.799356,-86.237752
874,39.799364,-86.237746
875,39.799372,-86.23774
876,39.79938,-86.237734
877,39.799387,-86.237728
878,39.799396,-86.237724
879,39.799404,-86.23772
880,39.799413,-86.237716
881,39.799421,-86.237713
882,39.79943,-86.237709
883,39.799438,-86.237706
884,39.799447,-86.237702
885,39.799455,-86.237699
886,39.799464,-86.237695
887,39.799473,-86.237693
888,39.799482,-86.237692
889,39.79949,-86.23769
890,39.799499,-86.237689
891,39.799508,-86.237688
892,39.799517,-86.237686
893,39.799526,-86.237685
894,39.799535,-86.237684
895,39.799544,-86.237683
896,39.799553,-86.237682
897,39.799562,-86.237682
898,39.799571,-86.237682
899,39.79958,-86.237681
900,39.799589,-86.237681
901,39.799598,-86.237681
902,39.799607,-86.237681
903,39.799616,-86.237681
904,39.799625,-86.237681
905,39.799634,-86.237681
906,39.799643,-86.237681
907,39.799652,-86.237682
908,39.799661,-86.237683
909,39.79967,-86.237683
910,39.799679,-86.237684
911,39.799688,-86.237685
912,39.799697,-86.237685
913,39.799706,-86.237686
914,39.799715,-86.237686
915,39.799723,-86.237687
916,39.799732,-86.237688
917,39.799741,-86.237689
918,39.79975,-86.23769
919,39.799759,-86.23769
920,39.799768,-86.237691
921,39.799777,-86.237692
922,39.799786,-86.237693
923,39.799795,-86.237694
924,39.799804,-86.237694
925,39.799813,-86.237695
926,39.799822,-86.237696
927,39.799831,-86.237697
928,39.79984,-86.237697
929,39.799849,-86.237698
930,39.799858,-86.237699
931,39.799867,-86.237699
932,39.799876,-86.2377
933,39.799885,-86.237701
934,39.799894,-86.237702
935,39.799903,-86.237702
936,39.799912,-86.237702
937,39.799921,-86.237703
938,39.79993,-86.237703
939,39.799939,-86.237703
940,39.799948,-86.237704
941,39.799957,-86.237704
942,39.799966,-86.237704
943,39.799975,-86.237704
944,39.799984,-86.237705
945,39.799993,-86.237704
946,39.800002,-86.237704
947,39.800011,-86.237703
948,39.80002,-86.237703
949,39.800029,-86.237702
950,39.800038,-86.237701
951,39.800047,-86.237701
952,39.800056,-86.2377
953,39.800065,-86.237699
954,39.800074,-86.237699
955,39.800083,-86.237697
956,39.800092,-86.237696
957,39.800101,-86.237695
958,39.800109,-86.237694
959,39.800118,-86.237692
960,39.800127,-86.237691
961,39.800136,-86.23769
962,39.800145,-86.237688
963,39.800154,-86.237687
964,39.800163,-86.237685
965,39.800172,-86.237683
966,39.80018,-86.237681
967,39.800189,-86.237679
968,39.800198,-86.237676
969,39.800207,-86.237674
970,39.800216,-86.237672
971,39.800224,-86.23767
972,39.800233,-86.237668
973,39.800242,-86.237665
974,39.800251,-86.237663
975,39.800259,-86.23766
976,39.800268,-86.237657
977,39.800277,-86.237654
978,39.800285,-86.237651
979,39.800294,-86.237647
980,39.800302,-86.237644
981,39.800311,-86.237641
982,39.80032,-86.237638
983,39.800328,-86.237635
984,39.800337,-86.237632
985,39.800345,-86.237628
986,39.800354,-86.237624
987,39.800362,-86.237619
988,39.800371,-86.237615
989,39.800379,-86.237611
990,39.800388,-86.237607
991,39.800396,-86.237603
992,39.800405,-86.237599
993,39.800413,-86.237595
994,39.800421,-86.23759
995,39.800429,-86.237585
996,39.800437,-86.23758
997,39.800445,-86.237575
998,39.800454,-86.23757
999,39.800462,-86.237565
1000,39.80047,-86.23756
1001,39.800478,-86.237555
1002,39.800486,-86.23755
1003,39.800494,-86.237545
1004,39.800502,-86.23754
1005,39.80051,-86.237535
1006,39.800518,-86.237529
1007,39.800526,-86.237523
1008,39.800533,-86.237517
1009,39.800541,-86.237511
1010,39.800549,-86.237505
1011,39.800557,-86.2375
1012,39.800565,-86.237494
1013,39.800572,-86.237488
1014,39.80058,-86.237482
1015,39.800588,-86.237476
1016,39.800595,-86.23747
1017,39.800603,-86.237463
1018,39.80061,-86.237456
1019,39.800617,-86.23745
1020,39.800625,-86.237443
1021,39.800632,-86.237436
1022,39.80064,-86.23743
1023,39.800647,-86.237423
1024,39.800654,-86.237416
1025,39.800662,-86.23741
1026,39.800669,-86.237403
1027,39.800676,-86.237396
1028,39.800683,-86.237388
1029,39.80069,-86.237381
1030,39.800697,-86.237373
1031,39.800704,-86.237366
1032,39.800711,-86.237358
1033,39.800717,-86.237351
1034,39.800724,-86.237343
1035,39.800731,-86.237336
1036,39.800738,-86.237328
1037,39.800745,-86.237321
1038,39.800751,-86.237312
1039,39.800757,-86.237304
1040,39.800764,-86.237295
1041,39.80077,-86.237287
1042,39.800776,-86.237279
1043,39.800782,-86.23727
1044,39.800789,-86.237262
1045,39.800795,-86.237253
1046,39.800801,-86.237245
1047,39.800807,-86.237237
1048,39.800814,-86.237228
1049,39.800819,-86.237219
1050,39.800825,-86.23721
1051,39.800831,-86.237201
1052,39.800836,-86.237192
1053,39.800842,-86.237183
1054,39.800848,-86.237174
1055,39.800853,-86.237165
1056,39.800859,-86.237155
1057,39.800865,-86.237146
1058,39.80087,-86.237137
1059,39.800876,-86.237128
1060,39.800881,-86.237119
1061,39.800887,-86.237109
1062,39.800892,-86.237099
1063,39.800897,-86.23709
1064,39.800902,-86.23708
1065,39.800907,-86.23707
1066,39.800912,-86.237061
1067,39.800917,-86.237051
1068,39.800922,-86.237041
1069,39.800927,-86.237032
1070,39.800932,-86.237022
1071,39.800937,-86.237012
1072,39.800942,-86.237002
1073,39.800947,-86.236992
1074,39.800951,-86.236982
1075,39.800956,-86.236972
1076,39.800961,-86.236962
1077,39.800966,-86.236952
1078,39.80097,-86.236942
1079,39.800975,-86.236932
1080,39.80098,-86.236922
1081,39.800984,-86.236912
1082,39.800989,-86.236902
1083,39.800993,-86.236892
1084,39.800998,-86.236881
1085,39.801002,-86.236871
1086,39.801006,-86.236861
1087,39.801011,-86.236851
1088,39.801015,-86.23684
1089,39.801019,-86.23683
1090,39.801024,-86.23682
1091,39.801028,-86.23681
1092,39.801032,-86.236799
1093,39.801037,-86.236789
1094,39.801041,-86.236779
1095,39.801045,-86.236768
1096,39.801049,-86.236758
1097,39.801053,-86.236748
1098,39.801057,-86.236737
1099,39.801062,-86.236727
1100,39.801066,-86.236716
1101,39.80107,-86.236706
1102,39.801074,-86.236696
1103,39.801078,-86.236685
1104,39.801082,-86.236675
1105,39.801086,-86.236664
1106,39.80109,-86.236654
1107,39.801094,-86.236643
1108,39.801098,-86.236633
1109,39.801102,-86.236622
1110,39.801106,-86.236612
1111,39.80111,-86.236601
1112,39.801114,-86.236591
1113,39.801118,-86.23658
1114,39.801122,-86.23657
1115,39.801126,-86.236559
1116,39.801129,-86.236548
1117,39.801133,-86.236538
1118,39.801137,-86.236527
1119,39.80114,-86.236516
1120,39.801144,-86.236505
1121,39.801147,-86.236495
1122,39.801151,-86.236484
1123,39.801154,-86.236473
1124,39.801158,-86.236462
1125,39.801161,-86.236451
1126,39.801164,-86.23644
1127,39.801167,-86.236429
1128,39.80117,-86.236418
1129,39.801173,-86.236407
1130,39.801175,-86.236396
1131,39.801178,-86.236385
1132,39.801181,-86.236374
1133,39.801184,-86.236363
1134,39.801187,-86.236352
1135,39.801189,-86.23634
1136,39.801191,-86.236329
1137,39.801193,-86.236317
1138,39.801195,-86.236306
1139,39.801197,-86.236294
1140,39.801199,-86.236283
1141,39.8012,-86.236272
1142,39.801202,-86.23626
1143,39.801204,-86.236249
1144,39.801206,-86.236237
1145,39.801207,-86.236226
1146,39.801207,-86.236214
1147,39.801208,-86.236202
1148,39.801208,-86.236191
1149,39.801209,-86.236179
1150,39.80121,-86.236167
1151,39.80121,-86.236155
1152,39.801211,-86.236144
1153,39.801211,-86.236132
1154,39.801211,-86.23612
1155,39.80121,-86.236109
1156,39.801209,-86.236097
1157,39.801208,-86.236086
1158,39.801207,-86.236074
1159,39.801205,-86.236062
1160,39.801204,-86.236051
1161,39.801203,-86.236039
1162,39.801202,-86.236028
1163,39.801201,-86.236016
1164,39.801198,-86.236005
1165,39.801195,-86.235994
1166,39.801192,-86.235983
1167,39.801189,-86.235972
1168,39.801186,-86.235961
1169,39.801183,-86.23595
1170,39.80118,-86.235939
1171,39.801177,-86.235928
1172,39.801174,-86.235917
1173,39.80117,-86.235906
1174,39.801166,-86.235896
1175,39.801161,-86.235886
1176,39.801156,-86.235876
1177,39.801152,-86.235866
1178,39.801147,-86.235856
1179,39.801143,-86.235846
1180,39.801138,-86.235836
1181,39.801134,-86.235826
1182,39.801129,-86.235816
1183,39.801123,-86.235807
1184,39.801117,-86.235798
1185,39.801111,-86.235789
1186,39.801106,-86.23578
1187,39.8011,-86.235771
1188,39.801094,-86.235763
1189,39.801088,-86.235754
1190,39.801082,-86.235745
1191,39.801076,-86.235736
1192,39.80107,-86.235727
1193,39.801063,-86.23572
1194,39.801056,-86.235712
1195,39.801049,-86.235704
1196,39.801043,-86.235696
1197,39.801036,-86.235689
1198,39.801029,-86.235681
1199,39.801022,-86.235673
1200,39.801015,-86.235666
1201,39.801009,-86.235658
1202,39.801002,-86.23565
1203,39.800994,-86.235644
1204,39.800986,-86.235638
1205,39.800979,-86.235632
1206,39.800971,-86.235625
1207,39.800964,-86.235619
1208,39.800956,-86.235613
1209,39.800948,-86.235607
1210,39.800941,-86.235601
1211,39.800933,-86.235594
1212,39.800925,-86.235588
1213,39.800917,-86.235583
1214,39.800909,-86.235578
1215,39.800901,-86.235574
1216,39.800893,-86.235569
1217,39.800884,-86.235565
1218,39.800876,-86.23556
1219,39.800868,-86.235556
1220,39.80086,-86.235551
1221,39.800851,-86.235547
1222,39.800843,-86.235542
1223,39.800835,-86.235538
1224,39.800826,-86.235535
1225,39.800817,-86.235532
1226,39.800809,-86.235529
1227,39.8008,-86.235526
1228,39.800791,-86.235523
1229,39.800783,-86.23552
1230,39.800774,-86.235517
1231,39.800765,-86.235514
1232,39.800756,-86.235511
1233,39.800748,-86.235508
1234,39.800739,-86.235505
1235,39.80073,-86.235503
1236,39.800721,-86.235501
1237,39.800712,-86.2355
1238,39.800703,-86.235498
1239,39.800694,-86.235496
1240,39.800686,-86.235494
1241,39.800677,-86.235493
1242,39.800668,-86.235491
1243,39.800659,-86.235489
1244,39.80065,-86.235488
1245,39.800641,-86.235486
1246,39.800632,-86.235485
1247,39.800623,-86.235484
1248,39.800614,-86.235483
1249,39.800605,-86.235482
1250,39.800596,-86.235481
1251,39.800587,-86.235481
1252,39.800578,-86.23548
1253,39.800569,-86.235479
1254,39.80056,-86.235478
1255,39.800551,-86.235477
1256,39.800542,-86.235476
1257,39.800533,-86.235475
1258,39.800524,-86.235475
1259,39.800515,-86.235474
1260,39.800506,-86.235474
1261,39.800497,-86.235474
1262,39.800488,-86.235473
1263,39.80048,-86.235473
1264,39.800471,-86.235472
1265,39.800462,-86.235472
1266,39.800453,-86.235472
1267,39.800444,-86.235471
1268,39.800435,-86.235471
1269,39.800426,-86.23547
1270,39.800417,-86.23547
1271,39.800408,-86.23547
1272,39.800399,-86.23547
1273,39.80039,-86.235469
1274,39.800381,-86.235469
1275,39.800372,-86.235469
1276,39.800363,-86.235469
1277,39.800354,-86.235468
1278,39.800345,-86.235468
1279,39.800336,-86.235468
1280,39.800327,-86.235468
1281,39.800318,-86.235467
1282,39.800309,-86.235467
1283,39.8003,-86.235467
1284,39.800291,-86.235467
1285,39.800282,-86.235467
1286,39.800273,-86.235467
1287,39.800264,-86.235467
1288,39.800255,-86.235467
1289,39.800246,-86.235467
1290,39.800237,-86.235467
1291,39.800228,-86.235467
1292,39.800219,-86.235467
1293,39.80021,-86.235468
1294,39.800201,-86.235468
1295,39.800192,-86.235468
1296,39.800183,-86.235468
1297,39.800174,-86.235468
1298,39.800165,-86.235468
1299,39.800156,-86.235468
1300,39.800147,-86.235468
1301,39.800138,-86.235468
1302,39.800129,-86.235468
1303,39.80012,-86.235468
1304,39.800111,-86.235469
1305,39.800102,-86.235469
1306,39.800093,-86.235469
1307,39.800084,-86.235469
1308,39.800075,-86.235469
1309,39.800066,-86.23547
1310,39.800057,-86.23547
1311,39.800048,-86.23547
1312,39.800039,-86.23547
1313,39.80003,-86.23547
1314,39.800021,-86.23547
1315,39.800012,-86.23547
1316,39.800003,-86.23547
1317,39.799994,-86.23547
1318,39.799985,-86.23547
1319,39.799976,-86.23547
1320,39.799967,-86.23547
1321,39.799958,-86.23547
1322,39.79995,-86.23547
1323,39.799941,-86.23547
1324,39.799932,-86.235469
1325,39.799923,-86.235469
1326,39.799914,-86.235469
1327,39.799905,-86.235468
1328,39.799896,-86.235468
1329,39.799887,-86.235468
1330,39.799878,-86.235467
1331,39.799869,-86.235467
1332,39.79986,-86.235467
1333,39.799851,-86.235466
1334,39.799842,-86.235466
1335,39.799833,-86.235465
1336,39.799824,-86.235464
1337,39.799815,-86.235463
1338,39.799806,-86.235462
1339,39.799797,-86.235461
1340,39.799788,-86.235459
1341,39.799779,-86.235458
1342,39.79977,-86.235457
1343,39.799762,-86.235456
1344,39.799753,-86.235455
1345,39.799744,-86.235453
1346,39.799735,-86.23545
1347,39.799726,-86.235447
1348,39.799718,-86.235445
1349,39.799709,-86.235442
1350,39.7997,-86.235439
1351,39.799692,-86.235436
1352,39.799683,-86.235433
1353,39.799674,-86.23543
1354,39.799665,-86.235427
1355,39.799657,-86.235423
1356,39.799649,-86.235418
1357,39.79964,-86.235413
1358,39.799632,-86.235409
1359,39.799624,-86.235404
1360,39.799616,-86.235399
1361,39.799608,-86.235394
1362,39.7996,-86.235389
1363,39.799591,-86.235385
1364,39.799583,-86.23538
1365,39.799576,-86.235373
1366,39.799568,-86.235367
1367,39.799561,-86.23536
1368,39.799554,-86.235353
1369,39.799546,-86.235347
1370,39.799539,-86.23534
1371,39.799532,-86.235333
1372,39.799524,-86.235326
1373,39.799517,-86.23532
1374,39.79951,-86.235312
1375,39.799503,-86.235304
1376,39.799497,-86.235296
1377,39.79949,-86.235288
1378,39.799484,-86.23528
1379,39.799477,-86.235272
1380,39.799471,-86.235264
1381,39.799464,-86.235256
1382,39.799457,-86.235248
1383,39.799451,-86.23524
1384,39.799444,-86.235233
1385,39.799438,-86.235225
1386,39.799431,-86.235217
1387,39.799424,-86.235209
1388,39.799418,-86.235201
1389,39.799411,-86.235193
1390,39.799404,-86.235186
1391,39.799398,-86.235178
1392,39.799391,-86.23517
1393,39.799383,-86.235163
1394,39.799376,-86.235157
1395,39.799369,-86.23515
1396,39.799361,-86.235143
1397,39.799354,-86.235137
1398,39.799346,-86.23513
1399,39.799339,-86.235124
1400,39.799332,-86.235117
1401,39.799324,-86.23511
1402,39.799316,-86.235105
1403,39.799308,-86.235101
1404,39.7993,-86.235096
1405,39.799292,-86.235091
1406,39.799283,-86.235086
1407,39.799275,-86.235081
1408,39.799267,-86.235077
1409,39.799259,-86.235072
1410,39.799251,-86.235067
1411,39.799242,-86.235063
1412,39.799234,-86.23506
1413,39.799225,-86.235057
1414,39.799216,-86.235054
1415,39.799207,-86.235051
1416,39.799199,-86.235048
1417,39.79919,-86.235046
1418,39.799181,-86.235043
1419,39.799173,-86.23504
1420,39.799164,-86.235037
1421,39.799155,-86.235035
1422,39.799146,-86.235034
1423,39.799137,-86.235033
1424,39.799128,-86.235031
1425,39.799119,-86.23503
1426,39.799111,-86.235029
1427,39.799102,-86.235028
1428,39.799093,-86.235026
1429,39.799084,-86.235025
1430,39.799075,-86.235024
1431,39.799066,-86.235023
1432,39.799057,-86.235022
1433,39.799048,-86.235022
1434,39.799039,-86.235021
1435,39.79903,-86.235021
1436,39.799021,-86.235021
1437,39.799012,-86.23502
1438,39.799003,-86.23502
1439,39.798994,-86.235019
1440,39.798985,-86.235019
1441,39.798976,-86.235018
1442,39.798967,-86.235018
1443,39.798958,-86.235018
1444,39.798949,-86.235018
1445,39.79894,-86.235017
1446,39.798931,-86.235017
1447,39.798922,-86.235017
1448,39.798913,-86.235017
1449,39.798904,-86.235017
1450,39.798895,-86.235017
1451,39.798886,-86.235016
1452,39.798877,-86.235016
1453,39.798868,-86.235016
1454,39.798859,-86.235016
1455,39.79885,-86.235016
1456,39.798841,-86.235016
1457,39.798832,-86.235015
1458,39.798823,-86.235015
1459,39.798814,-86.235015
1460,39.798806,-86.235015
1461,39.798797,-86.235015
1462,39.798788,-86.235015
1463,39.798779,-86.235014
1464,39.79877,-86.235014
1465,39.798761,-86.235014
1466,39.798752,-86.235014
1467,39.798743,-86.235014
1468,39.798734,-86.235014
1469,39.798725,-86.235014
1470,39.798716,-86.235013
1471,39.798707,-86.235013
1472,39.798698,-86.235013
1473,39.798689,-86.235013
1474,39.79868,-86.235013
1475,39.798671,-86.235012
1476,39.798662,-86.235012
1477,39.798653,-86.235012
1478,39.798644,-86.235012
1479,39.798635,-86.235012
1480,39.798626,-86.235012
1481,39.798617,-86.235012
1482,39.798608,-86.235011
1483,39.798599,-86.235011
1484,39.79859,-86.235011
1485,39.798581,-86.235011
1486,39.798572,-86.235011
1487,39.798563,-86.235011
1488,39.798554,-86.23501
1489,39.798545,-86.23501
1490,39.798536,-86.23501
1491,39.798527,-86.23501
1492,39.798518,-86.23501
1493,39.798509,-86.23501
1494,39.7985,-86.23501
1495,39.798491,-86.235009
1496,39.798482,-86.235009
1497,39.798473,-86.235009
1498,39.798464,-86.235009
1499,39.798455,-86.235009
1500,39.798446,-86.235008
1501,39.798437,-86.235008
1502,39.798428,-86.235008
1503,39.798419,-86.235008
1504,39.79841,-86.235008
1505,39.798401,-86.235008
1506,39.798392,-86.235008
1507,39.798383,-86.235007
1508,39.798374,-86.235007
1509,39.798365,-86.235007
1510,39.798356,-86.235007
1511,39.798347,-86.235007
1512,39.798338,-86.235007
1513,39.798329,-86.235007
1514,39.79832,-86.235006
1515,39.798311,-86.235006
1516,39.798302,-86.235006
1517,39.798293,-86.235006
1518,39.798284,-86.235006
1519,39.798275,-86.235006
1520,39.798267,-86.235005
1521,39.798258,-86.235005
1522,39.798249,-86.235005
1523,39.79824,-86.235005
1524,39.798231,-86.235005
1525,39.798222,-86.235005
1526,39.798213,-86.235005
1527,39.798204,-86.235004
1528,39.798195,-86.235004
1529,39.798186,-86.235004
1530,39.798177,-86.235004
1531,39.798168,-86.235003
1532,39.798159,-86.235003
1533,39.79815,-86.235003
1534,39.798141,-86.235003
1535,39.798132,-86.235003
1536,39.798123,-86.235002
1537,39.798114,-86.235002
1538,39.798105,-86.235002
1539,39.798096,-86.235002
1540,39.798087,-86.235001
1541,39.798078,-86.235001
1542,39.798069,-86.235001
1543,39.79806,-86.235001
1544,39.798051,-86.235001
1545,39.798042,-86.235
1546,39.798033,-86.235
1547,39.798024,-86.235
1548,39.798015,-86.235
1549,39.798006,-86.234999
1550,39.797997,-86.234999
1551,39.797988,-86.234999
1552,39.797979,-86.234999
1553,39.79797,-86.234998
1554,39.797961,-86.234998
1555,39.797952,-86.234998
1556,39.797943,-86.234998
1557,39.797934,-86.234997
1558,39.797925,-86.234997
1559,39.797916,-86.234997
1560,39.797907,-86.234997
1561,39.797898,-86.234996
1562,39.797889,-86.234996
1563,39.79788,-86.234996
1564,39.797871,-86.234996
1565,39.797862,-86.234996
1566,39.797853,-86.234995
1567,39.797844,-86.234995
1568,39.797835,-86.234995
1569,39.797826,-86.234995
1570,39.797817,-86.234995
1571,39.797808,-86.234995
1572,39.797799,-86.234994
1573,39.79779,-86.234994
1574,39.797781,-86.234994
1575,39.797772,-86.234994
1576,39.797763,-86.234994
1577,39.797754,-86.234994
1578,39.797745,-86.234994
1579,39.797737,-86.234994
1580,39.797728,-86.234994
1581,39.797719,-86.234994
1582,39.79771,-86.234994
1583,39.797701,-86.234994
1584,39.797692,-86.234994
1585,39.797683,-86.234993
1586,39.797674,-86.234993
1587,39.797665,-86.234993
1588,39.797656,-86.234993
1589,39.797647,-86.234993
1590,39.797638,-86.234993
1591,39.797629,-86.234992
1592,39.79762,-86.234992
1593,39.797611,-86.234992
1594,39.797602,-86.234992
1595,39.797593,-86.234992
1596,39.797584,-86.234992
1597,39.797575,-86.234992
1598,39.797566,-86.234991
1599,39.797557,-86.234991
1600,39.797548,-86.234991
1601,39.797539,-86.234991
1602,39.79753,-86.234991
1603,39.797521,-86.234991
1604,39.797512,-86.23499
1605,39.797503,-86.23499
1606,39.797494,-86.23499
1607,39.797485,-86.23499
1608,39.797476,-86.23499
1609,39.797467,-86.23499
1610,39.797458,-86.23499
1611,39.797449,-86.234989
1612,39.79744,-86.234989
1613,39.797431,-86.234989
1614,39.797422,-86.234989
1615,39.797413,-86.234989
1616,39.797404,-86.234989
1617,39.797395,-86.234989
1618,39.797386,-86.234989
1619,39.797377,-86.234989
1620,39.797368,-86.234989
1621,39.797359,-86.234988
1622,39.79735,-86.234988
1623,39.797341,-86.234988
1624,39.797332,-86.234988
1625,39.797323,-86.234988
1626,39.797314,-86.234987
1627,39.797305,-86.234987
1628,39.797296,-86.234987
1629,39.797287,-86.234987
1630,39.797278,-86.234986
1631,39.797269,-86.234986
1632,39.79726,-86.234986
1633,39.797251,-86.234986
1634,39.797242,-86.234986
1635,39.797233,-86.234986
1636,39.797224,-86.234985
1637,39.797215,-86.234985
1638,39.797207,-86.234985
1639,39.797198,-86.234985
1640,39.797189,-86.234985
1641,39.79718,-86.234985
1642,39.797171,-86.234985
1643,39.797162,-86.234985
1644,39.797153,-86.234985
1645,39.797144,-86.234985
1646,39.797135,-86.234985
1647,39.797126,-86.234985
1648,39.797117,-86.234984
1649,39.797108,-86.234984
1650,39.797099,-86.234984
1651,39.79709,-86.234984
1652,39.797081,-86.234984
1653,39.797072,-86.234984
1654,39.797063,-86.234983
1655,39.797054,-86.234983
1656,39.797045,-86.234983
1657,39.797036,-86.234983
1658,39.797027,-86.234983
1659,39.797018,-86.234983
1660,39.797009,-86.234983
1661,39.797,-86.234982
1662,39.796991,-86.234982
1663,39.796982,-86.234982
1664,39.796973,-86.234982
1665,39.796964,-86.234982
1666,39.796955,-86.234982
1667,39.796946,-86.234982
1668,39.796937,-86.234982
1669,39.796928,-86.234982
1670,39.796919,-86.234982
1671,39.79691,-86.234982
1672,39.796901,-86.234982
1673,39.796892,-86.234981
1674,39.796883,-86.234981
1675,39.796874,-86.234981
1676,39.796865,-86.234981
1677,39.796856,-86.234981
1678,39.796847,-86.234981
1679,39.796838,-86.234981
1680,39.796829,-86.234981
1681,39.79682,-86.234981
1682,39.796811,-86.234981
1683,39.796802,-86.234981
1684,39.796793,-86.234981
1685,39.796784,-86.234981
1686,39.796775,-86.23498
1687,39.796766,-86.23498
1688,39.796757,-86.23498
1689,39.796748,-86.23498
1690,39.796739,-86.23498
1691,39.79673,-86.234979
1692,39.796721,-86.234979
1693,39.796712,-86.234979
1694,39.796703,-86.234979
1695,39.796694,-86.234979
1696,39.796685,-86.234979
1697,39.796676,-86.234979
1698,39.796668,-86.234979
1699,39.796659,-86.234978
1700,39.79665,-86.234978
1701,39.796641,-86.234978
1702,39.796632,-86.234978
1703,39.796623,-86.234978
1704,39.796614,-86.234978
1705,39.796605,-86.234977
1706,39.796596,-86.234977
1707,39.796587,-86.234977
1708,39.796578,-86.234977
1709,39.796569,-86.234976
1710,39.79656,-86.234976
1711,39.796551,-86.234976
1712,39.796542,-86.234976
1713,39.796533,-86.234976
1714,39.796524,-86.234975
1715,39.796515,-86.234975
1716,39.796506,-86.234975
1717,39.796497,-86.234975
1718,39.796488,-86.234974
1719,39.796479,-86.234974
1720,39.79647,-86.234974
1721,39.796461,-86.234974
1722,39.796452,-86.234974
1723,39.796443,-86.234974
1724,39.796434,-86.234973
1725,39.796425,-86.234973
1726,39.796416,-86.234973
1727,39.796407,-86.234973
1728,39.796398,-86.234973
1729,39.796389,-86.234972
1730,39.79638,-86.234972
1731,39.796371,-86.234972
1732,39.796362,-86.234972
1733,39.796353,-86.234972
1734,39.796344,-86.234972
1735,39.796335,-86.234972
1736,39.796326,-86.234972
1737,39.796317,-86.234971
1738,39.796308,-86.234971
1739,39.796299,-86.234971
1740,39.79629,-86.234971
1741,39.796281,-86.234971
1742,39.796272,-86.23497
1743,39.796263,-86.23497
1744,39.796254,-86.23497
1745,39.796245,-86.23497
1746,39.796236,-86.23497
1747,39.796227,-86.23497
1748,39.796218,-86.23497
1749,39.796209,-86.234969
1750,39.7962,-86.234969
1751,39.796191,-86.234969
1752,39.796182,-86.234969
1753,39.796173,-86.234969
1754,39.796164,-86.234969
1755,39.796155,-86.234968
1756,39.796146,-86.234968
1757,39.796138,-86.234968
1758,39.796129,-86.234968
1759,39.79612,-86.234968
1760,39.796111,-86.234968
1761,39.796102,-86.234968
1762,39.796093,-86.234968
1763,39.796084,-86.234967
1764,39.796075,-86.234967
1765,39.796066,-86.234967
1766,39.796057,-86.234967
1767,39.796048,-86.234967
1768,39.796039,-86.234967
1769,39.79603,-86.234967
1770,39.796021,-86.234967
1771,39.796012,-86.234967
1772,39.796003,-86.234967
1773,39.795994,-86.234967
1774,39.795985,-86.234967
1775,39.795976,-86.234966
1776,39.795967,-86.234966
1777,39.795958,-86.234966
1778,39.795949,-86.234966
1779,39.79594,-86.234966
1780,39.795931,-86.234966
1781,39.795922,-86.234965
1782,39.795913,-86.234965
1783,39.795904,-86.234965
1784,39.795895,-86.234965
1785,39.795886,-86.234965
1786,39.795877,-86.234965
1787,39.795868,-86.234965
1788,39.795859,-86.234964
1789,39.79585,-86.234964
1790,39.795841,-86.234964
1791,39.795832,-86.234964
1792,39.795823,-86.234964
1793,39.795814,-86.234964
1794,39.795805,-86.234963
1795,39.795796,-86.234963
1796,39.795787,-86.234963
1797,39.795778,-86.234963
1798,39.795769,-86.234963
1799,39.79576,-86.234963
1800,39.795751,-86.234963
1801,39.795742,-86.234962
1802,39.795733,-86.234962
1803,39.795724,-86.234962
1804,39.795715,-86.234962
1805,39.795706,-86.234962
1806,39.795697,-86.234962
1807,39.795688,-86.234961
1808,39.795679,-86.234961
1809,39.79567,-86.234961
1810,39.795661,-86.234961
1811,39.795652,-86.234961
1812,39.795643,-86.234961
1813,39.795634,-86.234961
1814,39.795625,-86.23496
1815,39.795616,-86.23496
1816,39.795607,-86.23496
1817,39.795599,-86.23496
1818,39.79559,-86.23496
1819,39.795581,-86.23496
1820,39.795572,-86.234959
1821,39.795563,-86.234959
1822,39.795554,-86.234959
1823,39.795545,-86.234959
1824,39.795536,-86.234959
1825,39.795527,-86.234959
1826,39.795518,-86.234959
1827,39.795509,-86.234959
1828,39.7955,-86.234958
1829,39.795491,-86.234958
1830,39.795482,-86.234958
1831,39.795473,-86.234958
1832,39.795464,-86.234958
1833,39.795455,-86.234958
1834,39.795446,-86.234957
1835,39.795437,-86.234957
1836,39.795428,-86.234957
1837,39.795419,-86.234957
1838,39.79541,-86.234957
1839,39.795401,-86.234956
1840,39.795392,-86.234956
1841,39.795383,-86.234956
1842,39.795374,-86.234956
1843,39.795365,-86.234955
1844,39.795356,-86.234955
1845,39.795347,-86.234955
1846,39.795338,-86.234955
1847,39.795329,-86.234954
1848,39.79532,-86.234954
1849,39.795311,-86.234954
1850,39.795302,-86.234954
1851,39.795293,-86.234954
1852,39.795284,-86.234954
1853,39.795275,-86.234954
1854,39.795266,-86.234953
1855,39.795257,-86.234953
1856,39.795248,-86.234953
1857,39.795239,-86.234953
1858,39.79523,-86.234953
1859,39.795221,-86.234953
1860,39.795212,-86.234952
1861,39.795203,-86.234952
1862,39.795194,-86.234952
1863,39.795185,-86.234952
1864,39.795176,-86.234952
1865,39.795167,-86.234952
1866,39.795158,-86.234952
1867,39.795149,-86.234951
1868,39.79514,-86.234951
1869,39.795131,-86.234951
1870,39.795122,-86.234951
1871,39.795113,-86.234951
1872,39.795104,-86.234951
1873,39.795095,-86.23495
1874,39.795086,-86.23495
1875,39.795077,-86.23495
1876,39.795069,-86.23495
1877,39.79506,-86.23495
1878,39.795051,-86.23495
1879,39.795042,-86.23495
1880,39.795033,-86.234949
1881,39.795024,-86.234949
1882,39.795015,-86.234949
1883,39.795006,-86.234949
1884,39.794997,-86.234949
1885,39.794988,-86.234949
1886,39.794979,-86.234949
1887,39.79497,-86.234948
1888,39.794961,-86.234948
1889,39.794952,-86.234948
1890,39.794943,-86.234948
1891,39.794934,-86.234948
1892,39.794925,-86.234948
1893,39.794916,-86.234948
1894,39.794907,-86.234947
1895,39.794898,-86.234947
1896,39.794889,-86.234947
1897,39.79488,-86.234947
1898,39.794871,-86.234947
1899,39.794862,-86.234947
1900,39.794853,-86.234947
1901,39.794844,-86.234947
1902,39.794835,-86.234947
1903,39.794826,-86.234947
1904,39.794817,-86.234947
1905,39.794808,-86.234947
1906,39.794799,-86.234947
1907,39.79479,-86.234947
1908,39.794781,-86.234946
1909,39.794772,-86.234946
1910,39.794763,-86.234946
1911,39.794754,-86.234946
1912,39.794745,-86.234946
1913,39.794736,-86.234946
1914,39.794727,-86.234946
1915,39.794718,-86.234946
1916,39.794709,-86.234946
1917,39.7947,-86.234946
1918,39.794691,-86.234946
1919,39.794682,-86.234946
1920,39.794673,-86.234946
1921,39.794664,-86.234946
1922,39.794655,-86.234946
1923,39.794646,-86.234946
1924,39.794637,-86.234946
1925,39.794628,-86.234946
1926,39.794619,-86.234946
1927,39.79461,-86.234946
1928,39.794601,-86.234946
1929,39.794592,-86.234946
1930,39.794583,-86.234946
1931,39.794574,-86.234946
1932,39.794565,-86.234946
1933,39.794556,-86.234945
1934,39.794547,-86.234945
1935,39.794539,-86.234945
1936,39.79453,-86.234945
1937,39.794521,-86.234945
1938,39.794512,-86.234945
1939,39.794503,-86.234945
1940,39.794494,-86.234945
1941,39.794485,-86.234945
1942,39.794476,-86.234945
1943,39.794467,-86.234945
1944,39.794458,-86.234945
1945,39.794449,-86.234945
1946,39.79444,-86.234944
1947,39.794431,-86.234944
1948,39.794422,-86.234944
1949,39.794413,-86.234944
1950,39.794404,-86.234944
1951,39.794395,-86.234943
1952,39.794386,-86.234943
1953,39.794377,-86.234943
1954,39.794368,-86.234943
1955,39.794359,-86.234943
1956,39.79435,-86.234943
1957,39.794341,-86.234943
1958,39.794332,-86.234943
1959,39.794323,-86.234943
1960,39.794314,-86.234942
1961,39.794305,-86.234942
1962,39.794296,-86.234942
1963,39.794287,-86.234942
1964,39.794278,-86.234942
1965,39.794269,-86.234942
1966,39.79426,-86.234942
1967,39.794251,-86.234942
1968,39.794242,-86.234942
1969,39.794233,-86.234941
1970,39.794224,-86.234941
1971,39.794215,-86.234941
1972,39.794206,-86.234941
1973,39.794197,-86.234941
1974,39.794188,-86.23494
1975,39.794179,-86.23494
1976,39.79417,-86.23494
1977,39.794161,-86.23494
1978,39.794152,-86.234939
1979,39.794143,-86.234939
1980,39.794134,-86.234939
1981,39.794125,-86.234939
1982,39.794116,-86.234938
1983,39.794107,-86.234938
1984,39.794098,-86.234938
1985,39.794089,-86.234938
1986,39.79408,-86.234938
1987,39.794071,-86.234937
1988,39.794062,-86.234937
1989,39.794053,-86.234937
1990,39.794044,-86.234937
1991,39.794035,-86.234936
1992,39.794026,-86.234936
1993,39.794017,-86.234936
1994,39.794008,-86.234936
1995,39.794,-86.234936
1996,39.793991,-86.234936
1997,39.793982,-86.234935
1998,39.793973,-86.234935
1999,39.793964,-86.234935
2000,39.793955,-86.234935
2001,39.793946,-86.234935
2002,39.793937,-86.234935
2003,39.793928,-86.234934
2004,39.793919,-86.234934
2005,39.79391,-86.234934
2006,39.793901,-86.234934
2007,39.793892,-86.234934
2008,39.793883,-86.234934
2009,39.793874,-86.234934
2010,39.793865,-86.234933
2011,39.793856,-86.234933
2012,39.793847,-86.234933
2013,39.793838,-86.234933
2014,39.793829,-86.234933
2015,39.79382,-86.234932
2016,39.793811,-86.234932
2017,39.793802,-86.234932
2018,39.793793,-86.234932
2019,39.793784,-86.234932
2020,39.793775,-86.234932
2021,39.793766,-86.234932
2022,39.793757,-86.234932
2023,39.793748,-86.234932
2024,39.793739,-86.234931
2025,39.79373,-86.234931
2026,39.793721,-86.234931
2027,39.793712,-86.234931
2028,39.793703,-86.234931
2029,39.793694,-86.234931
2030,39.793685,-86.234931
2031,39.793676,-86.234931
2032,39.793667,-86.234931
2033,39.793658,-86.234931
2034,39.793649,-86.234931
2035,39.79364,-86.234931
2036,39.793631,-86.234931
2037,39.793622,-86.234931
2038,39.793613,-86.234931
2039,39.793604,-86.234931
2040,39.793595,-86.234931
2041,39.793586,-86.234931
2042,39.793577,-86.234931
2043,39.793568,-86.234931
2044,39.793559,-86.234931
2045,39.79355,-86.234931
2046,39.793541,-86.234931
2047,39.793532,-86.234931
2048,39.793523,-86.234931
2049,39.793514,-86.234931
2050,39.793505,-86.234931
2051,39.793496,-86.234931
2052,39.793487,-86.234931
2053,39.793478,-86.234931
2054,39.79347,-86.234931
2055,39.793461,-86.234931
2056,39.793452,-86.234931
2057,39.793443,-86.234931
2058,39.793434,-86.234931
2059,39.793425,-86.234931
2060,39.793416,-86.234931
2061,39.793407,-86.234931
2062,39.793398,-86.234931
2063,39.793389,-86.234931
2064,39.79338,-86.234931
2065,39.793371,-86.234931
2066,39.793362,-86.234931
2067,39.793353,-86.234931
2068,39.793344,-86.234931
2069,39.793335,-86.234931
2070,39.793326,-86.234931
2071,39.793317,-86.234931
2072,39.793308,-86.234931
2073,39.793299,-86.234931
2074,39.79329,-86.234931
2075,39.793281,-86.234931
2076,39.793272,-86.234931
2077,39.793263,-86.234931
2078,39.793254,-86.234931
2079,39.793245,-86.234931
2080,39.793236,-86.234931
2081,39.793227,-86.234931
2082,39.793218,-86.234931
2083,39.793209,-86.234931
2084,39.7932,-86.234931
2085,39.793191,-86.234931
2086,39.793182,-86.234931
2087,39.793173,-86.234931
2088,39.793164,-86.234931
2089,39.793155,-86.234931
2090,39.793146,-86.234931
2091,39.793137,-86.234931
2092,39.793128,-86.234931
2093,39.793119,-86.234931
2094,39.79311,-86.234931
2095,39.793101,-86.234931
2096,39.793092,-86.23493
2097,39.793083,-86.23493
2098,39.793074,-86.23493
2099,39.793065,-86.23493
2100,39.793056,-86.23493
2101,39.793047,-86.23493
2102,39.793038,-86.23493
2103,39.793029,-86.23493
2104,39.79302,-86.23493
2105,39.793011,-86.23493
2106,39.793002,-86.234929
2107,39.792993,-86.234929
2108,39.792984,-86.234929
2109,39.792975,-86.234928
2110,39.792966,-86.234928
2111,39.792957,-86.234928
2112,39.792948,-86.234928
2113,39.79294,-86.234927
2114,39.792931,-86.234927
2115,39.792922,-86.234926
2116,39.792913,-86.234925
2117,39.792904,-86.234925
2118,39.792895,-86.234924
2119,39.792886,-86.234924
2120,39.792877,-86.234923
2121,39.792868,-86.234922
2122,39.792859,-86.234922
2123,39.79285,-86.234921
2124,39.792841,-86.23492
2125,39.792832,-86.234919
2126,39.792823,-86.234917
2127,39.792814,-86.234916
2128,39.792805,-86.234914
2129,39.792796,-86.234912
2130,39.792787,-86.23491
2131,39.792778,-86.234908
2132,39.79277,-86.234907
2133,39.792761,-86.234905
2134,39.792752,-86.234903
2135,39.792743,-86.2349
2136,39.792734,-86.234897
2137,39.792726,-86.234894
2138,39.792717,-86.234891
2139,39.792709,-86.234888
2140,39.7927,-86.234885
2141,39.792691,-86.234882
2142,39.792683,-86.234878
2143,39.792674,-86.234875
2144,39.792665,-86.234872
2145,39.792657,-86.234868
2146,39.792649,-86.234863
2147,39.792641,-86.234858
2148,39.792633,-86.234853
2149,39.792625,-86.234848
2150,39.792617,-86.234843
2151,39.792609,-86.234838
2152,39.792601,-86.234833
2153,39.792592,-86.234827
2154,39.792584,-86.234822
2155,39.792577,-86.234816
2156,39.792569,-86.234809
2157,39.792562,-86.234803
2158,39.792554,-86.234796
2159,39.792547,-86.23479
2160,39.79254,-86.234783
2161,39.792532,-86.234777
2162,39.792525,-86.23477
2163,39.792517,-86.234764
2164,39.79251,-86.234757
2165,39.792503,-86.234749
2166,39.792496,-86.234742
2167,39.79249,-86.234734
2168,39.792483,-86.234726
2169,39.792476,-86.234718
2170,39.79247,-86.23471
2171,39.792463,-86.234702
2172,39.792456,-86.234694
2173,39.79245,-86.234686
2174,39.792443,-86.234678
2175,39.792437,-86.23467
2176,39.792431,-86.23466
2177,39.792426,-86.234651
2178,39.79242,-86.234642
2179,39.792414,-86.234633
2180,39.792409,-86.234624
2181,39.792403,-86.234615
2182,39.792397,-86.234606
2183,39.792392,-86.234597
2184,39.792386,-86.234588
2185,39.792381,-86.234578
2186,39.792376,-86.234568
2187,39.792372,-86.234558
2188,39.792367,-86.234548
2189,39.792363,-86.234538
2190,39.792358,-86.234528
2191,39.792354,-86.234518
2192,39.792349,-86.234508
2193,39.792345,-86.234498
2194,39.79234,-86.234488
2195,39.792336,-86.234478
2196,39.792332,-86.234467
2197,39.792329,-86.234456
2198,39.792326,-86.234445
2199,39.792323,-86.234434
2200,39.792319,-86.234423
2201,39.792316,-86.234412
2202,39.792313,-86.234401
2203,39.79231,-86.23439
2204,39.792307,-86.234379
2205,39.792303,-86.234368
2206,39.792302,-86.234357
2207,39.7923,-86.234346
2208,39.792298,-86.234334
2209,39.792296,-86.234323
2210,39.792295,-86.234311
2211,39.792293,-86.2343
2212,39.792291,-86.234288
2213,39.79229,-86.234277
2214,39.792288,-86.234265
2215,39.792286,-86.234254
2216,39.792285,-86.234242
2217,39.792284,-86.234231
2218,39.792284,-86.234219
2219,39.792283,-86.234207
2220,39.792283,-86.234196
2221,39.792282,-86.234184
2222,39.792281,-86.234172
2223,39.792281,-86.234161
2224,39.79228,-86.234149
2225,39.79228,-86.234137
2226,39.792279,-86.234125
2227,39.792279,-86.234114
2228,39.792279,-86.234102
2229,39.792279,-86.23409
2230,39.792279,-86.234079
2231,39.792279,-86.234067
2232,39.79228,-86.234055
2233,39.79228,-86.234044
2234,39.79228,-86.234032
2235,39.79228,-86.23402
2236,39.79228,-86.234009
2237,39.79228,-86.233997
2238,39.79228,-86.233985
2239,39.79228,-86.233973
2240,39.792281,-86.233962
2241,39.792281,-86.23395
2242,39.792281,-86.233938
2243,39.792281,-86.233927
2244,39.792282,-86.233915
2245,39.792282,-86.233903
2246,39.792282,-86.233892
2247,39.792283,-86.23388
2248,39.792283,-86.233868
2249,39.792283,-86.233857
2250,39.792283,-86.233845
2251,39.792283,-86.233833
2252,39.792283,-86.233821
2253,39.792283,-86.23381
2254,39.792283,-86.233798
2255,39.792284,-86.233786
2256,39.792284,-86.233775
2257,39.792284,-86.233763
2258,39.792284,-86.233751
2259,39.792284,-86.23374
2260,39.792284,-86.233728
2261,39.792283,-86.233716
2262,39.792283,-86.233705
2263,39.792282,-86.233693
2264,39.792282,-86.233681
2265,39.792281,-86.233669
2266,39.792281,-86.233658
2267,39.79228,-86.233646
2268,39.79228,-86.233634
2269,39.79228,-86.233623
2270,39.792279,-86.233611
2271,39.792278,-86.233599
2272,39.792276,-86.233588
2273,39.792275,-86.233576
2274,39.792273,-86.233565
2275,39.792272,-86.233553
2276,39.792271,-86.233542
2277,39.792269,-86.23353
2278,39.792268,-86.233518
2279,39.792266,-86.233507
2280,39.792265,-86.233495
2281,39.792263,-86.233484
2282,39.792261,-86.233473
2283,39.792258,-86.233461
2284,39.792255,-86.23345
2285,39.792252,-86.233439
2286,39.792249,-86.233428
2287,39.792246,-86.233417
2288,39.792243,-86.233406
2289,39.79224,-86.233395
2290,39.792238,-86.233384
2291,39.792235,-86.233373
2292,39.792232,-86.233361
2293,39.792227,-86.233351
2294,39.792223,-86.233341
2295,39.792219,-86.233331
2296,39.792215,-86.23332
2297,39.79221,-86.23331
2298,39.792206,-86.2333
2299,39.792202,-86.233289
2300,39.792197,-86.233279
2301,39.792193,-86.233269
2302,39.792189,-86.233259
2303,39.792184,-86.233249
2304,39.792178,-86.23324
2305,39.792173,-86.23323
2306,39.792167,-86.233221
2307,39.792162,-86.233212
2308,39.792156,-86.233203
2309,39.792151,-86.233193
2310,39.792145,-86.233184
2311,39.79214,-86.233175
2312,39.792134,-86.233166
2313,39.792128,-86.233157
2314,39.792121,-86.233149
2315,39.792115,-86.233142
2316,39.792108,-86.233134
2317,39.792101,-86.233126
2318,39.792094,-86.233118
2319,39.792088,-86.233111
2320,39.792081,-86.233103
2321,39.792074,-86.233095
2322,39.792068,-86.233087
2323,39.792061,-86.23308
2324,39.792053,-86.233074
2325,39.792045,-86.233068
2326,39.792038,-86.233062
2327,39.79203,-86.233056
2328,39.792023,-86.233049
2329,39.792015,-86.233043
2330,39.792007,-86.233037
2331,39.791999,-86.233031
2332,39.791992,-86.233025
2333,39.791984,-86.233019
2334,39.791976,-86.233014
2335,39.791968,-86.233009
2336,39.79196,-86.233003
2337,39.791952,-86.232998
2338,39.791944,-86.232993
2339,39.791936,-86.232988
2340,39.791928,-86.232982
2341,39.79192,-86.232977
2342,39.791912,-86.232972
2343,39.791904,-86.232966
2344,39.791896,-86.232961
2345,39.791888,-86.232956
2346,39.79188,-86.232951
2347,39.791872,-86.232945
2348,39.791864,-86.23294
2349,39.791856,-86.232935
2350,39.791848,-86.23293
2351,39.79184,-86.232924
2352,39.791832,-86.232919
2353,39.791824,-86.232913
2354,39.791817,-86.232907
2355,39.791809,-86.232901
2356,39.791802,-86.232894
2357,39.791794,-86.232888
2358,39.791787,-86.232882
2359,39.791779,-86.232875
2360,39.791772,-86.232869
2361,39.791764,-86.232863
2362,39.791757,-86.232856
2363,39.79175,-86.232848
2364,39.791743,-86.232841
2365,39.791736,-86.232833
2366,39.79173,-86.232825
2367,39.791723,-86.232817
2368,39.791716,-86.23281
2369,39.791709,-86.232802
2370,39.791703,-86.232794
2371,39.791696,-86.232787
2372,39.79169,-86.232778
2373,39.791685,-86.232769
2374,39.791679,-86.232759
2375,39.791674,-86.23275
2376,39.791668,-86.232741
2377,39.791663,-86.232732
2378,39.791657,-86.232722
2379,39.791652,-86.232713
2380,39.791646,-86.232704
2381,39.791641,-86.232694
2382,39.791637,-86.232683
2383,39.791633,-86.232673
2384,39.791629,-86.232663
2385,39.791625,-86.232652
2386,39.791621,-86.232642
2387,39.791617,-86.232631
2388,39.791613,-86.232621
2389,39.791609,-86.232611
2390,39.791605,-86.2326
2391,39.791602,-86.232589
2392,39.791599,-86.232578
2393,39.791597,-86.232567
2394,39.791594,-86.232556
2395,39.791591,-86.232545
2396,39.791589,-86.232533
2397,39.791586,-86.232522
2398,39.791584,-86.232511
2399,39.791581,-86.2325
2400,39.791579,-86.232488
2401,39.791576,-86.232477
2402,39.791575,-86.232466
2403,39.791574,-86.232454
2404,39.791573,-86.232442
2405,39.791572,-86.232431
2406,39.791571,-86.232419
2407,39.79157,-86.232408
2408,39.791569,-86.232396
2409,39.791568,-86.232385
2410,39.791567,-86.232373
2411,39.791566,-86.232361
2412,39.791566,-86.23235
2413,39.791566,-86.232338
2414,39.791566,-86.232326
2415,39.791566,-86.232315
2416,39.791566,-86.232303
2417,39.791566,-86.232291
2418,39.791566,-86.23228
2419,39.791567,-86.232268
2420,39.791567,-86.232256
2421,39.791567,-86.232244
2422,39.791567,-86.232233
2423,39.791567,-86.232221
2424,39.791568,-86.232209
2425,39.791569,-86.232198
2426,39.791569,-86.232186
2427,39.79157,-86.232174
2428,39.791571,-86.232163
2429,39.791571,-86.232151
2430,39.791572,-86.232139
2431,39.791573,-86.232128
2432,39.791573,-86.232116
2433,39.791574,-86.232104
2434,39.791575,-86.232092
2435,39.791575,-86.232081
2436,39.791576,-86.232069
2437,39.791577,-86.232057
2438,39.791578,-86.232046
2439,39.791578,-86.232034
2440,39.791579,-86.232022
2441,39.79158,-86.232011
2442,39.791581,-86.231999
2443,39.791581,-86.231987
2444,39.791582,-86.231975
2445,39.791583,-86.231964
2446,39.791584,-86.231952
2447,39.791585,-86.23194
2448,39.791586,-86.231929
2449,39.791586,-86.231917
2450,39.791587,-86.231905
2451,39.791588,-86.231894
2452,39.791589,-86.231882
2453,39.79159,-86.23187
2454,39.791591,-86.231859
2455,39.791591,-86.231847
2456,39.791592,-86.231835
2457,39.791593,-86.231823
2458,39.791594,-86.231812
2459,39.791595,-86.2318
2460,39.791596,-86.231788
2461,39.791596,-86.231777
2462,39.791597,-86.231765
2463,39.791598,-86.231753
2464,39.791599,-86.231742
2465,39.791599,-86.23173
2466,39.7916,-86.231718
2467,39.7916,-86.231707
2468,39.791601,-86.231695
2469,39.791601,-86.231683
2470,39.791602,-86.231671
2471,39.791602,-86.23166
2472,39.791603,-86.231648
2473,39.791603,-86.231636
2474,39.791604,-86.231625
2475,39.791603,-86.231613
2476,39.791603,-86.231601
2477,39.791603,-86.23159
2478,39.791602,-86.231578
2479,39.791602,-86.231566
2480,39.791602,-86.231555
2481,39.791601,-86.231543
2482,39.791601,-86.231531
2483,39.7916,-86.23152
2484,39.791598,-86.231508
2485,39.791596,-86.231497
2486,39.791594,-86.231485
2487,39.791592,-86.231474
2488,39.79159,-86.231462
2489,39.791588,-86.231451
2490,39.791586,-86.231439
2491,39.791584,-86.231428
2492,39.791581,-86.231417
2493,39.791577,-86.231406
2494,39.791574,-86.231396
2495,39.79157,-86.231385
2496,39.791566,-86.231374
2497,39.791563,-86.231363
2498,39.791559,-86.231353
2499,39.791556,-86.231342
2500,39.791552,-86.231331
2501,39.791546,-86.231322
2502,39.79154,-86.231313
2503,39.791535,-86.231304
2504,39.791529,-86.231295
2505,39.791524,-86.231286
2506,39.791518,-86.231277
2507,39.791513,-86.231268
2508,39.791507,-86.231258
2509,39.791501,-86.23125
2510,39.791494,-86.231242
2511,39.791487,-86.231235
2512,39.791481,-86.231227
2513,39.791474,-86.23122
2514,39.791467,-86.231212
2515,39.79146,-86.231205
2516,39.791453,-86.231197
2517,39.791447,-86.23119
2518,39.79144,-86.231182
2519,39.791432,-86.231176
2520,39.791424,-86.23117
2521,39.791416,-86.231164
2522,39.791409,-86.231158
2523,39.791401,-86.231152
2524,39.791393,-86.231146
2525,39.791386,-86.231141
2526,39.791378,-86.231135
2527,39.79137,-86.231129
2528,39.791362,-86.231123
2529,39.791354,-86.231119
2530,39.791346,-86.231114
2531,39.791337,-86.23111
2532,39.791329,-86.231105
2533,39.791321,-86.231101
2534,39.791312,-86.231096
2535,39.791304,-86.231092
2536,39.791296,-86.231088
2537,39.791287,-86.231083
2538,39.791279,-86.231079
2539,39.791271,-86.231075
2540,39.791262,-86.231072
2541,39.791253,-86.231069
2542,39.791245,-86.231065
2543,39.791236,-86.231062
2544,39.791227,-86.231059
2545,39.791219,-86.231056
2546,39.79121,-86.231053
2547,39.791202,-86.23105
2548,39.791193,-86.231047
2549,39.791184,-86.231044
2550,39.791176,-86.231041
2551,39.791167,-86.231039
2552,39.791158,-86.231037
2553,39.791149,-86.231035
2554,39.79114,-86.231032
2555,39.791132,-86.23103
2556,39.791123,-86.231028
2557,39.791114,-86.231026
2558,39.791105,-86.231024
2559,39.791096,-86.231022
2560,39.791088,-86.23102
2561,39.791079,-86.231018
2562,39.79107,-86.231016
2563,39.791061,-86.231015
2564,39.791052,-86.231014
2565,39.791043,-86.231012
2566,39.791034,-86.231011
2567,39.791025,-86.23101
2568,39.791016,-86.231008
2569,39.791008,-86.231007
2570,39.790999,-86.231006
2571,39.79099,-86.231005
2572,39.790981,-86.231003
2573,39.790972,-86.231002
2574,39.790963,-86.231001
2575,39.790954,-86.231
2576,39.790945,-86.231
2577,39.790936,-86.230999
2578,39.790927,-86.230999
2579,39.790918,-86.230998
2580,39.790909,-86.230998
2581,39.7909,-86.230997
2582,39.790891,-86.230997
2583,39.790882,-86.230996
2584,39.790873,-86.230996
2585,39.790864,-86.230995
2586,39.790855,-86.230995
2587,39.790846,-86.230995
2588,39.790837,-86.230995
2589,39.790828,-86.230996
2590,39.790819,-86.230996
2591,39.79081,-86.230996
2592,39.790801,-86.230997
2593,39.790792,-86.230997
2594,39.790783,-86.230997
2595,39.790774,-86.230998
2596,39.790765,-86.230998
2597,39.790757,-86.230998
2598,39.790748,-86.230998
2599,39.790739,-86.230999
2600,39.79073,-86.231
2601,39.790721,-86.231001
2602,39.790712,-86.231002
2603,39.790703,-86.231003
2604,39.790694,-86.231004
2605,39.790685,-86.231005
2606,39.790676,-86.231005
2607,39.790667,-86.231006
2608,39.790658,-86.231007
2609,39.790649,-86.231008
2610,39.79064,-86.231009
2611,39.790631,-86.23101
2612,39.790622,-86.231012
2613,39.790613,-86.231013
2614,39.790604,-86.231014
2615,39.790595,-86.231016
2616,39.790586,-86.231017
2617,39.790577,-86.231018
2618,39.790568,-86.23102
2619,39.79056,-86.231021
2620,39.790551,-86.231022
2621,39.790542,-86.231024
2622,39.790533,-86.231025
2623,39.790524,-86.231026
2624,39.790515,-86.231028
2625,39.790506,-86.231029
2626,39.790497,-86.231031
2627,39.790488,-86.231033
2628,39.79048,-86.231034
2629,39.790471,-86.231036
2630,39.790462,-86.231037
2631,39.790453,-86.231039
2632,39.790444,-86.231041
2633,39.790435,-86.231042
2634,39.790426,-86.231044
2635,39.790417,-86.231045
2636,39.790408,-86.231047
2637,39.7904,-86.231048
2638,39.790391,-86.23105
2639,39.790382,-86.231052
2640,39.790373,-86.231054
2641,39.790364,-86.231056
2642,39.790355,-86.231057
2643,39.790346,-86.231059
2644,39.790337,-86.231061
2645,39.790328,-86.231063
2646,39.790319,-86.231064
2647,39.790311,-86.231066
2648,39.790302,-86.231068
2649,39.790293,-86.231069
2650,39.790284,-86.231071
2651,39.790275,-86.231073
2652,39.790266,-86.231074
2653,39.790257,-86.231076
2654,39.790248,-86.231078
2655,39.790239,-86.23108
2656,39.790231,-86.231081
2657,39.790222,-86.231083
2658,39.790213,-86.231085
2659,39.790204,-86.231086
2660,39.790195,-86.231088
2661,39.790186,-86.23109
2662,39.790177,-86.231092
2663,39.790168,-86.231093
2664,39.790159,-86.231095
2665,39.790151,-86.231097
2666,39.790142,-86.231099
2667,39.790133,-86.2311
2668,39.790124,-86.231102
2669,39.790115,-86.231104
2670,39.790106,-86.231106
2671,39.790097,-86.231107
2672,39.790088,-86.231109
2673,39.790079,-86.231111
2674,39.79007,-86.231112
2675,39.790062,-86.231114
2676,39.790053,-86.231116
2677,39.790044,-86.231118
2678,39.790035,-86.23112
2679,39.790026,-86.231122
2680,39.790017,-86.231123
2681,39.790008,-86.231125
2682,39.789999,-86.231127
2683,39.78999,-86.231129
2684,39.789982,-86.231131
2685,39.789973,-86.231132
2686,39.789964,-86.231134
2687,39.789955,-86.231136
2688,39.789946,-86.231138
2689,39.789937,-86.23114
2690,39.789928,-86.231141
2691,39.789919,-86.231143
2692,39.78991,-86.231145
2693,39.789901,-86.231146
2694,39.789893,-86.231148
2695,39.789884,-86.23115
2696,39.789875,-86.231152
2697,39.789866,-86.231153
2698,39.789857,-86.231155
2699,39.789848,-86.231157
2700,39.789839,-86.231159
2701,39.78983,-86.23116
2702,39.789821,-86.231162
2703,39.789813,-86.231164
2704,39.789804,-86.231166
2705,39.789795,-86.231167
2706,39.789786,-86.231169
2707,39.789777,-86.231171
2708,39.789768,-86.231173
2709,39.789759,-86.231175
2710,39.78975,-86.231176
2711,39.789741,-86.231178
2712,39.789733,-86.23118
2713,39.789724,-86.231182
2714,39.789715,-86.231184
2715,39.789706,-86.231186
2716,39.789697,-86.231188
2717,39.789688,-86.23119
2718,39.789679,-86.231192
2719,39.78967,-86.231194
2720,39.789661,-86.231196
2721,39.789652,-86.231198
2722,39.789644,-86.2312
2723,39.789635,-86.231202
2724,39.789626,-86.231204
2725,39.789617,-86.231206
2726,39.789608,-86.231209
2727,39.7896,-86.231211
2728,39.789591,-86.231213
2729,39.789582,-86.231215
2730,39.789573,-86.231218
2731,39.789564,-86.23122
2732,39.789556,-86.231222
2733,39.789547,-86.231224
2734,39.789538,-86.231226
2735,39.789529,-86.231229
2736,39.78952,-86.231231
2737,39.789512,-86.231234
2738,39.789503,-86.231237
2739,39.789494,-86.23124
2740,39.789486,-86.231243
2741,39.789477,-86.231245
2742,39.789468,-86.231248
2743,39.789459,-86.231251
2744,39.789451,-86.231254
2745,39.789442,-86.231256
2746,39.789433,-86.231259
2747,39.789425,-86.231262
2748,39.789416,-86.231266
2749,39.789408,-86.231269
2750,39.789399,-86.231273
2751,39.789391,-86.231277
2752,39.789382,-86.23128
2753,39.789373,-86.231284
2754,39.789365,-86.231287
2755,39.789356,-86.231291
2756,39.789348,-86.231294
2757,39.789339,-86.231298
2758,39.789331,-86.231301
2759,39.789322,-86.231305
2760,39.789314,-86.23131
2761,39.789306,-86.231314
2762,39.789297,-86.231318
2763,39.789289,-86.231323
2764,39.789281,-86.231327
2765,39.789272,-86.231331
2766,39.789264,-86.231336
2767,39.789256,-86.23134
2768,39.789247,-86.231344
2769,39.789239,-86.231348
2770,39.78923,-86.231353
2771,39.789222,-86.231357
2772,39.789214,-86.231362
2773,39.789206,-86.231367
2774,39.789198,-86.231372
2775,39.78919,-86.231377
2776,39.789182,-86.231382
2777,39.789174,-86.231387
2778,39.789166,-86.231392
2779,39.789158,-86.231398
2780,39.789149,-86.231403
2781,39.789141,-86.231408
2782,39.789133,-86.231413
2783,39.789125,-86.231418
2784,39.789117,-86.231424
2785,39.78911,-86.23143
2786,39.789102,-86.231435
2787,39.789094,-86.231441
2788,39.789086,-86.231447
2789,39.789078,-86.231453
2790,39.789071,-86.231459
2791,39.789063,-86.231465
2792,39.789055,-86.23147
2793,39.789047,-86.231476
2794,39.789039,-86.231482
2795,39.789032,-86.231488
2796,39.789024,-86.231495
2797,39.789017,-86.231501
2798,39.789009,-86.231508
2799,39.789002,-86.231515
2800,39.788995,-86.231521
2801,39.788987,-86.231528
2802,39.78898,-86.231535
2803,39.788973,-86.231542
2804,39.788965,-86.231548
2805,39.788958,-86.231555
2806,39.788951,-86.231562
2807,39.788943,-86.231569
2808,39.788936,-86.231576
2809,39.788929,-86.231583
2810,39.788922,-86.231591
2811,39.788915,-86.231598
2812,39.788908,-86.231606
2813,39.788902,-86.231613
2814,39.788895,-86.23162
2815,39.788888,-86.231628
2816,39.788881,-86.231635
2817,39.788874,-86.231642
2818,39.788867,-86.23165
2819,39.78886,-86.231658
2820,39.788854,-86.231666
2821,39.788847,-86.231674
2822,39.788841,-86.231682
2823,39.788834,-86.23169
2824,39.788827,-86.231698
2825,39.788821,-86.231706
2826,39.788814,-86.231714
2827,39.788808,-86.231722
2828,39.788801,-86.23173
2829,39.788795,-86.231738
2830,39.788788,-86.231746
2831,39.788782,-86.231754
2832,39.788776,-86.231763
2833,39.78877,-86.231771
2834,39.788763,-86.23178
2835,39.788757,-86.231788
2836,39.788751,-86.231797
2837,39.788745,-86.231805
2838,39.788739,-86.231814
2839,39.788732,-86.231822
2840,39.788726,-86.231831
2841,39.78872,-86.231839
2842,39.788714,-86.231848
2843,39.788708,-86.231857
2844,39.788702,-86.231866
2845,39.788697,-86.231874
2846,39.788691,-86.231883
2847,39.788685,-86.231892
2848,39.788679,-86.231901
2849,39.788673,-86.23191
2850,39.788667,-86.231919
2851,39.788661,-86.231928
2852,39.788655,-86.231937
2853,39.78865,-86.231946
2854,39.788644,-86.231955
2855,39.788639,-86.231964
2856,39.788633,-86.231974
2857,39.788628,-86.231983
2858,39.788623,-86.231992
2859,39.788617,-86.232002
2860,39.788612,-86.232011
2861,39.788607,-86.23202
2862,39.788601,-86.23203
2863,39.788596,-86.232039
2864,39.788591,-86.232048
2865,39.788586,-86.232058
2866,39.788581,-86.232068
2867,39.788576,-86.232078
2868,39.788571,-86.232088
2869,39.788567,-86.232098
2870,39.788562,-86.232107
2871,39.788557,-86.232117
2872,39.788552,-86.232127
2873,39.788547,-86.232137
2874,39.788542,-86.232147
2875,39.788537,-86.232157
2876,39.788533,-86.232167
2877,39.788528,-86.232177
2878,39.788524,-86.232187
2879,39.78852,-86.232197
2880,39.788515,-86.232208
2881,39.788511,-86.232218
2882,39.788507,-86.232228
2883,39.788502,-86.232238
2884,39.788498,-86.232249
2885,39.788494,-86.232259
2886,39.788489,-86.232269
2887,39.788485,-86.23228
2888,39.788481,-86.23229
2889,39.788478,-86.232301
2890,39.788474,-86.232311
2891,39.78847,-86.232322
2892,39.788466,-86.232333
2893,39.788462,-86.232343
2894,39.788459,-86.232354
2895,39.788455,-86.232365
2896,39.788451,-86.232375
2897,39.788447,-86.232386
2898,39.788443,-86.232396
2899,39.78844,-86.232407
2900,39.788436,-86.232418
2901,39.788433,-86.232429
2902,39.788429,-86.232439
2903,39.788425,-86.23245
2904,39.788422,-86.232461
2905,39.788418,-86.232472
2906,39.788415,-86.232482
2907,39.788411,-86.232493
2908,39.788407,-86.232504
2909,39.788404,-86.232514
2910,39.7884,-86.232525
2911,39.788397,-86.232536
2912,39.788394,-86.232547
2913,39.78839,-86.232558
2914,39.788387,-86.232569
2915,39.788384,-86.23258
2916,39.788381,-86.232591
2917,39.788377,-86.232601
2918,39.788374,-86.232612
2919,39.788371,-86.232623
2920,39.788368,-86.232634
2921,39.788364,-86.232645
2922,39.788361,-86.232656
2923,39.788358,-86.232667
2924,39.788355,-86.232678
2925,39.788352,-86.232689
2926,39.788349,-86.2327
2927,39.788346,-86.232711
2928,39.788343,-86.232722
2929,39.78834,-86.232733
2930,39.788336,-86.232744
2931,39.788333,-86.232755
2932,39.78833,-86.232766
2933,39.788327,-86.232777
2934,39.788325,-86.232788
2935,39.788322,-86.232799
2936,39.788319,-86.23281
2937,39.788316,-86.232821
2938,39.788314,-86.232833
2939,39.788311,-86.232844
2940,39.788308,-86.232855
2941,39.788305,-86.232866
2942,39.788303,-86.232877
2943,39.7883,-86.232888
2944,39.788297,-86.232899
2945,39.788295,-86.232911
2946,39.788292,-86.232922
2947,39.78829,-86.232933
2948,39.788287,-86.232944
2949,39.788285,-86.232955
2950,39.788282,-86.232967
2951,39.78828,-86.232978
2952,39.788277,-86.232989
2953,39.788275,-86.233
2954,39.788272,-86.233012
2955,39.78827,-86.233023
2956,39.788267,-86.233034
2957,39.788265,-86.233045
2958,39.788263,-86.233056
2959,39.78826,-86.233068
2960,39.788258,-86.233079
2961,39.788256,-86.23309
2962,39.788253,-86.233101
2963,39.788251,-86.233113
2964,39.788249,-86.233124
2965,39.788246,-86.233135
2966,39.788244,-86.233147
2967,39.788242,-86.233158
2968,39.78824,-86.233169
2969,39.788238,-86.233181
2970,39.788236,-86.233192
2971,39.788234,-86.233203
2972,39.788232,-86.233215
2973,39.78823,-86.233226
2974,39.788228,-86.233237
2975,39.788226,-86.233249
2976,39.788224,-86.23326
2977,39.788222,-86.233272
2978,39.78822,-86.233283
2979,39.788218,-86.233294
2980,39.788217,-86.233306
2981,39.788215,-86.233317
2982,39.788213,-86.233329
2983,39.788211,-86.23334
2984,39.78821,-86.233352
2985,39.788208,-86.233363
2986,39.788206,-86.233375
2987,39.788204,-86.233386
2988,39.788203,-86.233398
2989,39.788202,-86.233409
2990,39.788201,-86.233421
2991,39.788199,-86.233432
2992,39.788198,-86.233444
2993,39.788197,-86.233456
2994,39.788195,-86.233467
2995,39.788194,-86.233479
2996,39.788193,-86.23349
2997,39.788192,-86.233502
2998,39.78819,-86.233513
2999,39.788189,-86.233525
3000,39.788188,-86.233537
3001,39.788187,-86.233548
3002,39.788186,-86.23356
3003,39.788185,-86.233571
3004,39.788184,-86.233583
3005,39.788182,-86.233594
3006,39.788181,-86.233606
3007,39.78818,-86.233618
3008,39.788179,-86.233629
3009,39.788178,-86.233641
3010,39.788177,-86.233652
3011,39.788176,-86.233664
3012,39.788175,-86.233676
3013,39.788175,-86.233688
3014,39.788174,-86.233699
3015,39.788173,-86.233711
3016,39.788172,-86.233723
3017,39.788171,-86.233734
3018,39.78817,-86.233746
3019,39.78817,-86.233758
3020,39.788169,-86.233769
3021,39.788168,-86.233781
3022,39.788167,-86.233793
3023,39.788167,-86.233804
3024,39.788166,-86.233816
3025,39.788165,-86.233828
3026,39.788165,-86.23384
3027,39.788164,-86.233851
3028,39.788163,-86.233863
3029,39.788163,-86.233875
3030,39.788162,-86.233886
3031,39.788161,-86.233898
3032,39.788161,-86.23391
3033,39.78816,-86.233921
3034,39.788159,-86.233933
3035,39.788158,-86.233945
3036,39.788158,-86.233956
3037,39.788157,-86.233968
3038,39.788156,-86.23398
3039,39.788156,-86.233992
3040,39.788155,-86.234003
3041,39.788155,-86.234015
3042,39.788154,-86.234027
3043,39.788154,-86.234038
3044,39.788153,-86.23405
3045,39.788153,-86.234062
3046,39.788152,-86.234073
3047,39.788152,-86.234085
3048,39.788151,-86.234097
3049,39.788151,-86.234108
3050,39.78815,-86.23412
3051,39.78815,-86.234132
3052,39.788149,-86.234144
3053,39.788149,-86.234155
3054,39.788149,-86.234167
3055,39.788148,-86.234179
3056,39.788148,-86.23419
3057,39.788147,-86.234202
3058,39.788147,-86.234214
3059,39.788147,-86.234225
3060,39.788146,-86.234237
3061,39.788146,-86.234249
3062,39.788146,-86.234261
3063,39.788145,-86.234272
3064,39.788145,-86.234284
3065,39.788145,-86.234296
3066,39.788144,-86.234307
3067,39.788144,-86.234319
3068,39.788144,-86.234331
3069,39.788143,-86.234342
3070,39.788143,-86.234354
3071,39.788143,-86.234366
3072,39.788142,-86.234377
3073,39.788142,-86.234389
3074,39.788142,-86.234401
3075,39.788142,-86.234413
3076,39.788141,-86.234424
3077,39.788141,-86.234436
3078,39.788141,-86.234448
3079,39.78814,-86.234459
3080,39.78814,-86.234471
3081,39.78814,-86.234483
3082,39.788139,-86.234494
3083,39.788139,-86.234506
3084,39.788139,-86.234518
3085,39.788138,-86.234529
3086,39.788138,-86.234541
3087,39.788138,-86.234553
3088,39.788137,-86.234565
3089,39.788137,-86.234576
3090,39.788137,-86.234588
3091,39.788136,-86.2346
3092,39.788136,-86.234611
3093,39.788136,-86.234623
3094,39.788135,-86.234635
3095,39.788135,-86.234646
3096,39.788135,-86.234658
3097,39.788134,-86.23467
3098,39.788134,-86.234681
3099,39.788133,-86.234693
3100,39.788133,-86.234705
3101,39.788132,-86.234717
3102,39.788132,-86.234728
3103,39.788131,-86.23474
3104,39.788131,-86.234752
3105,39.788131,-86.234763
3106,39.78813,-86.234775
3107,39.78813,-86.234787
3108,39.78813,-86.234798
3109,39.78813,-86.23481
3110,39.788129,-86.234822
3111,39.788129,-86.234833
3112,39.788129,-86.234845
3113,39.788129,-86.234857
3114,39.788129,-86.234869
3115,39.788129,-86.23488
3116,39.788129,-86.234892
3117,39.788129,-86.234904
3118,39.788129,-86.234915
3119,39.788129,-86.234927
3120,39.788129,-86.234939
3121,39.788129,-86.23495
3122,39.78813,-86.234962
3123,39.78813,-86.234974
3124,39.788131,-86.234985
3125,39.788131,-86.234997
3126,39.788132,-86.235009
3127,39.788132,-86.23502
3128,39.788134,-86.235032
3129,39.788135,-86.235044
3130,39.788137,-86.235055
3131,39.788139,-86.235066
3132,39.78814,-86.235078
3133,39.788142,-86.23509
3134,39.788144,-86.235101
3135,39.788146,-86.235112
3136,39.788149,-86.235123
3137,39.788151,-86.235135
3138,39.788153,-86.235146
3139,39.788157,-86.235157
3140,39.788161,-86.235167
3141,39.788165,-86.235178
3142,39.788169,-86.235188
3143,39.788173,-86.235198
3144,39.788179,-86.235207
3145,39.788185,-86.235216
3146,39.78819,-86.235225
3147,39.788196,-86.235234
3148,39.788202,-86.235243
3149,39.788209,-86.23525
3150,39.788216,-86.235257
3151,39.788224,-86.235265
3152,39.788231,-86.235272
3153,39.788238,-86.235279
3154,39.788246,-86.235284
3155,39.788254,-86.235289
3156,39.788262,-86.235293
3157,39.788271,-86.235298
3158,39.788279,-86.235302
3159,39.788287,-86.235307
3160,39.788296,-86.23531
3161,39.788305,-86.235312
3162,39.788313,-86.235315
3163,39.788322,-86.235318
3164,39.788331,-86.235321
3165,39.78834,-86.235323
3166,39.788348,-86.235325
3167,39.788357,-86.235326
3168,39.788366,-86.235328
3169,39.788375,-86.235329
3170,39.788384,-86.235331
3171,39.788393,-86.235332
3172,39.788402,-86.235333
3173,39.788411,-86.235333
3174,39.78842,-86.235334
3175,39.788429,-86.235334
3176,39.788438,-86.235335
3177,39.788447,-86.235335
3178,39.788456,-86.235335
3179,39.788465,-86.235335
3180,39.788474,-86.235335
3181,39.788483,-86.235334
3182,39.788492,-86.235334
3183,39.788501,-86.235334
3184,39.78851,-86.235333
3185,39.788519,-86.235333
3186,39.788528,-86.235332
3187,39.788537,-86.235331
3188,39.788546,-86.235331
3189,39.788555,-86.23533
3190,39.788564,-86.235329
3191,39.788573,-86.235329
3192,39.788582,-86.235328
3193,39.78859,-86.235327
3194,39.788599,-86.235326
3195,39.788608,-86.235325
3196,39.788617,-86.235324
3197,39.788626,-86.235323
3198,39.788635,-86.235322
3199,39.788644,-86.235321
3200,39.788653,-86.235321
3201,39.788662,-86.23532
3202,39.788671,-86.235319
3203,39.78868,-86.235318
3204,39.788689,-86.235317
3205,39.788698,-86.235316
3206,39.788707,-86.235315
3207,39.788716,-86.235314
3208,39.788725,-86.235314
3209,39.788734,-86.235313
3210,39.788743,-86.235311
3211,39.788752,-86.23531
3212,39.788761,-86.235309
3213,39.78877,-86.235308
3214,39.788779,-86.235307
3215,39.788788,-86.235306
3216,39.788797,-86.235305
3217,39.788806,-86.235304
3218,39.788815,-86.235303
3219,39.788824,-86.235302
3220,39.788833,-86.235302
3221,39.788842,-86.235301
3222,39.788851,-86.2353
3223,39.78886,-86.235299
3224,39.788869,-86.235298
3225,39.788878,-86.235298
3226,39.788887,-86.235297
3227,39.788896,-86.235296
3228,39.788905,-86.235295
3229,39.788914,-86.235294
3230,39.788923,-86.235293
3231,39.788932,-86.235293
3232,39.788941,-86.235292
3233,39.78895,-86.235291
3234,39.788959,-86.23529
3235,39.788968,-86.23529
3236,39.788977,-86.235289
3237,39.788986,-86.235288
3238,39.788995,-86.235287
3239,39.789004,-86.235287
3240,39.789013,-86.235286
3241,39.789022,-86.235285
3242,39.789031,-86.235285
3243,39.78904,-86.235284
3244,39.789049,-86.235284
3245,39.789058,-86.235283
3246,39.789067,-86.235282
3247,39.789076,-86.235282
3248,39.789085,-86.235281
3249,39.789094,-86.235281
3250,39.789103,-86.23528
3251,39.789112,-86.23528
3252,39.78912,-86.23528
3253,39.789129,-86.23528
3254,39.789138,-86.23528
3255,39.789147,-86.23528
3256,39.789156,-86.23528
3257,39.789165,-86.23528
3258,39.789174,-86.23528
3259,39.789183,-86.23528
3260,39.789192,-86.23528
3261,39.789201,-86.235281
3262,39.78921,-86.235282
3263,39.789219,-86.235283
3264,39.789228,-86.235284
3265,39.789237,-86.235285
3266,39.789246,-86.235286
3267,39.789255,-86.235287
3268,39.789264,-86.235289
3269,39.789273,-86.235291
3270,39.789282,-86.235293
3271,39.789291,-86.235296
3272,39.789299,-86.235298
3273,39.789308,-86.2353
3274,39.789317,-86.235303
3275,39.789326,-86.235305
3276,39.789334,-86.235308
3277,39.789343,-86.235311
3278,39.789352,-86.235315
3279,39.78936,-86.235319
3280,39.789369,-86.235323
3281,39.789377,-86.235326
3282,39.789386,-86.23533
3283,39.789394,-86.235334
3284,39.789403,-86.235338
3285,39.789411,-86.235343
3286,39.789419,-86.235349
3287,39.789427,-86.235354
3288,39.789435,-86.235359
3289,39.789443,-86.235365
3290,39.789451,-86.23537
3291,39.789459,-86.235375
3292,39.789467,-86.235381
3293,39.789474,-86.235388
3294,39.789481,-86.235395
3295,39.789488,-86.235403
3296,39.789495,-86.23541
3297,39.789502,-86.235417
3298,39.789509,-86.235424
3299,39.789516,-86.235432
3300,39.789523,-86.23544
3301,39.789528,-86.235449
3302,39.789534,-86.235458
3303,39.78954,-86.235467
3304,39.789545,-86.235476
3305,39.789551,-86.235485
3306,39.789557,-86.235494
3307,39.789562,-86.235504
3308,39.789566,-86.235514
3309,39.78957,-86.235525
3310,39.789573,-86.235535
3311,39.789577,-86.235546
3312,39.789581,-86.235557
3313,39.789585,-86.235567
3314,39.789588,-86.235578
3315,39.78959,-86.23559
3316,39.789591,-86.235601
3317,39.789593,-86.235613
3318,39.789595,-86.235624
3319,39.789596,-86.235635
3320,39.789598,-86.235647
3321,39.789598,-86.235659
3322,39.789598,-86.23567
3323,39.789597,-86.235682
3324,39.789597,-86.235694
3325,39.789597,-86.235705
3326,39.789596,-86.235717
3327,39.789595,-86.235729
3328,39.789593,-86.23574
3329,39.789591,-86.235751
3330,39.789588,-86.235763
3331,39.789586,-86.235774
3332,39.789584,-86.235785
3333,39.789581,-86.235797
3334,39.789579,-86.235808
3335,39.789575,-86.235819
3336,39.789572,-86.23583
3337,39.789569,-86.23584
3338,39.789565,-86.235851
3339,39.789562,-86.235862
3340,39.789559,-86.235873
3341,39.789555,-86.235884
3342,39.789552,-86.235895
3343,39.789548,-86.235905
3344,39.789545,-86.235916
3345,39.789541,-86.235927
3346,39.789538,-86.235938
3347,39.789534,-86.235948
3348,39.789531,-86.235959
3349,39.789527,-86.23597
3350,39.789524,-86.235981
3351,39.78952,-86.235992
3352,39.789516,-86.236002
3353,39.789513,-86.236013
3354,39.789509,-86.236024
3355,39.789506,-86.236035
3356,39.789502,-86.236045
3357,39.789498,-86.236056
3358,39.789495,-86.236067
3359,39.789491,-86.236078
3360,39.789488,-86.236088
3361,39.789484,-86.236099
3362,39.789481,-86.23611
3363,39.789477,-86.236121
3364,39.789474,-86.236131
3365,39.78947,-86.236142
3366,39.789467,-86.236153
3367,39.789463,-86.236164
3368,39.78946,-86.236174
3369,39.789456,-86.236185
3370,39.789453,-86.236196
3371,39.789449,-86.236207
3372,39.789446,-86.236217
3373,39.789442,-86.236228
3374,39.789439,-86.236239
3375,39.789435,-86.23625
3376,39.789432,-86.23626
3377,39.789429,-86.236271
3378,39.789425,-86.236282
3379,39.789422,-86.236293
3380,39.789418,-86.236303
3381,39.789415,-86.236314
3382,39.789411,-86.236325
3383,39.789408,-86.236336
3384,39.789404,-86.236346
3385,39.789401,-86.236357
3386,39.789397,-86.236368
3387,39.789394,-86.236379
3388,39.78939,-86.23639
3389,39.789387,-86.2364
3390,39.789383,-86.236411
3391,39.78938,-86.236422
3392,39.789377,-86.236433
3393,39.789373,-86.236443
3394,39.78937,-86.236454
3395,39.789366,-86.236465
3396,39.789363,-86.236476
3397,39.78936,-86.236487
3398,39.789356,-86.236498
3399,39.789353,-86.236508
3400,39.78935,-86.236519
3401,39.789346,-86.23653
3402,39.789343,-86.236541
3403,39.78934,-86.236552
3404,39.789336,-86.236563
3405,39.789333,-86.236574
3406,39.78933,-86.236585
3407,39.789327,-86.236596
3408,39.789324,-86.236607
3409,39.789321,-86.236618
3410,39.789318,-86.236629
3411,39.789315,-86.23664
3412,39.789312,-86.236651
3413,39.789309,-86.236662
3414,39.789306,-86.236673
3415,39.789303,-86.236684
3416,39.7893,-86.236696
3417,39.789298,-86.236707
3418,39.789296,-86.236718
3419,39.789293,-86.236729
3420,39.789291,-86.23674
3421,39.789288,-86.236752
3422,39.789286,-86.236763
3423,39.789284,-86.236774
3424,39.789281,-86.236785
3425,39.789279,-86.236797
3426,39.789277,-86.236808
3427,39.789275,-86.236819
3428,39.789273,-86.236831
3429,39.789272,-86.236842
3430,39.78927,-86.236854
3431,39.789268,-86.236865
3432,39.789267,-86.236877
3433,39.789265,-86.236888
3434,39.789263,-86.2369
3435,39.789261,-86.236911
3436,39.78926,-86.236923
3437,39.789259,-86.236934
3438,39.789258,-86.236946
3439,39.789257,-86.236957
3440,39.789256,-86.236969
3441,39.789255,-86.236981
3442,39.789254,-86.236992
3443,39.789252,-86.237004
3444,39.789251,-86.237015
3445,39.78925,-86.237027
3446,39.789249,-86.237039
3447,39.789249,-86.23705
3448,39.789249,-86.237062
3449,39.789248,-86.237074
3450,39.789248,-86.237085
3451,39.789247,-86.237097
3452,39.789247,-86.237109
3453,39.789247,-86.23712
3454,39.789246,-86.237132
3455,39.789246,-86.237144
3456,39.789246,-86.237156
3457,39.789246,-86.237167
3458,39.789246,-86.237179
3459,39.789247,-86.237191
3460,39.789247,-86.237202
3461,39.789247,-86.237214
3462,39.789247,-86.237226
3463,39.789248,-86.237237
3464,39.789248,-86.237249
3465,39.789248,-86.237261
3466,39.789249,-86.237272
3467,39.78925,-86.237284
3468,39.789252,-86.237295
3469,39.789253,-86.237307
3470,39.789254,-86.237319
3471,39.789255,-86.23733
3472,39.789256,-86.237342
3473,39.789257,-86.237353
3474,39.789258,-86.237365
3475,39.789259,-86.237377
3476,39.789261,-86.237388
3477,39.789263,-86.237399
3478,39.789265,-86.237411
3479,39.789267,-86.237422
3480,39.789269,-86.237434
3481,39.789271,-86.237445
3482,39.789273,-86.237457
3483,39.789274,-86.237468
3484,39.789276,-86.23748
3485,39.789278,-86.237491
3486,39.789281,-86.237502
3487,39.789283,-86.237513
3488,39.789286,-86.237525
3489,39.789288,-86.237536
3490,39.789291,-86.237547
3491,39.789293,-86.237558
3492,39.789296,-86.23757
3493,39.789298,-86.237581
3494,39.789301,-86.237592
3495,39.789304,-86.237603
3496,39.789307,-86.237614
3497,39.78931,-86.237625
3498,39.789313,-86.237636
3499,39.789317,-86.237647
3500,39.78932,-86.237658
3501,39.789323,-86.237669
3502,39.789326,-86.23768
3503,39.789329,-86.237691
3504,39.789333,-86.237701
3505,39.789336,-86.237712
3506,39.78934,-86.237723
3507,39.789344,-86.237733
3508,39.789348,-86.237744
3509,39.789352,-86.237755
3510,39.789356,-86.237765
3511,39.789359,-86.237776
3512,39.789363,-86.237786
3513,39.789367,-86.237797
3514,39.789371,-86.237807
3515,39.789376,-86.237817
3516,39.78938,-86.237828
3517,39.789385,-86.237838
3518,39.789389,-86.237848
3519,39.789393,-86.237858
3520,39.789398,-86.237868
3521,39.789402,-86.237878
3522,39.789407,-86.237889
3523,39.789411,-86.237898
3524,39.789416,-86.237908
3525,39.789422,-86.237918
3526,39.789427,-86.237927
3527,39.789432,-86.237937
3528,39.789437,-86.237946
3529,39.789442,-86.237956
3530,39.789447,-86.237966
3531,39.789452,-86.237975
3532,39.789457,-86.237985
3533,39.789463,-86.237994
3534,39.789469,-86.238003
3535,39.789474,-86.238012
3536,39.78948,-86.238021
3537,39.789486,-86.23803
3538,39.789491,-86.238039
3539,39.789497,-86.238048
3540,39.789503,-86.238057
3541,39.789508,-86.238066
3542,39.789514,-86.238075
3543,39.789521,-86.238083
3544,39.789527,-86.238092
3545,39.789533,-86.2381
3546,39.78954,-86.238108
3547,39.789546,-86.238116
3548,39.789553,-86.238125
3549,39.789559,-86.238133
3550,39.789565,-86.238141
3551,39.789572,-86.23815
3552,39.789578,-86.238158
3553,39.789585,-86.238165
3554,39.789592,-86.238173
3555,39.789599,-86.23818
3556,39.789605,-86.238188
3557,39.789612,-86.238196
3558,39.789619,-86.238203
3559,39.789626,-86.238211
3560,39.789633,-86.238219
3561,39.789639,-86.238226
3562,39.789647,-86.238233
3563,39.789654,-86.23824
3564,39.789661,-86.238247
3565,39.789669,-86.238254
3566,39.789676,-86.23826
3567,39.789683,-86.238267
3568,39.789691,-86.238274
3569,39.789698,-86.238281
3570,39.789705,-86.238287
3571,39.789713,-86.238294
3572,39.78972,-86.2383
3573,39.789728,-86.238306
3574,39.789736,-86.238312
3575,39.789743,-86.238318
3576,39.789751,-86.238325
3577,39.789759,-86.238331
3578,39.789766,-86.238337
3579,39.789774,-86.238343
3580,39.789782,-86.238349
3581,39.789789,-86.238355
3582,39.789797,-86.23836
3583,39.789805,-86.238366
3584,39.789813,-86.238372
3585,39.789821,-86.238377
3586,39.789829,-86.238383
3587,39.789837,-86.238388
3588,39.789845,-86.238394
3589,39.789853,-86.238399
3590,39.78986,-86.238405
3591,39.789868,-86.23841
3592,39.789877,-86.238415
3593,39.789885,-86.23842
3594,39.789893,-86.238425
3595,39.789901,-86.23843
3596,39.789909,-86.238435
3597,39.789917,-86.23844
3598,39.789925,-86.238445
3599,39.789933,-86.23845
3600,39.789941,-86.238455
3601,39.789949,-86.23846
3602,39.789958,-86.238465
3603,39.789966,-86.238469
3604,39.789974,-86.238474
3605,39.789983,-86.238478
3606,39.789991,-86.238483
3607,39.789999,-86.238488
3608,39.790007,-86.238492
3609,39.790016,-86.238497
3610,39.790024,-86.238501
3611,39.790032,-86.238506
3612,39.790041,-86.23851
3613,39.790049,-86.238514
3614,39.790057,-86.238518
3615,39.790066,-86.238523
3616,39.790074,-86.238527
3617,39.790082,-86.238531
3618,39.790091,-86.238535
3619,39.790099,-86.238539
3620,39.790108,-86.238543
3621,39.790116,-86.238547
3622,39.790125,-86.238551
3623,39.790133,-86.238554
3624,39.790142,-86.238558
3625,39.79015,-86.238562
3626,39.790159,-86.238566
3627,39.790167,-86.238569
3628,39.790176,-86.238573
3629,39.790184,-86.238577
3630,39.790193,-86.23858
3631,39.790202,-86.238583
3632,39.79021,-86.238586
3633,39.790219,-86.238589
3634,39.790227,-86.238593
3635,39.790236,-86.238596
3636,39.790245,-86.238599
3637,39.790253,-86.238602
3638,39.790262,-86.238605
3639,39.790271,-86.238608
3640,39.79028,-86.238611
3641,39.790288,-86.238613
3642,39.790297,-86.238616
3643,39.790306,-86.238618
3644,39.790315,-86.238621
3645,39.790324,-86.238623
3646,39.790332,-86.238626
3647,39.790341,-86.238628
3648,39.79035,-86.238631
3649,39.790359,-86.238633
3650,39.790368,-86.238634
3651,39.790377,-86.238636
3652,39.790386,-86.238638
3653,39.790394,-86.23864
3654,39.790403,-86.238642
3655,39.790412,-86.238643
3656,39.790421,-86.238645
3657,39.79043,-86.238647
3658,39.790439,-86.238648
3659,39.790448,-86.23865
3660,39.790457,-86.238651
3661,39.790466,-86.238652
3662,39.790475,-86.238653
3663,39.790484,-86.238654
3664,39.790493,-86.238655
3665,39.790502,-86.238657
3666,39.790511,-86.238658
3667,39.79052,-86.238659
3668,39.790529,-86.238659
3669,39.790538,-86.23866
3670,39.790547,-86.23866
3671,39.790556,-86.238661
3672,39.790565,-86.238661
3673,39.790574,-86.238662
3674,39.790583,-86.238662
3675,39.790592,-86.238663
3676,39.790601,-86.238663
3677,39.79061,-86.238664
3678,39.790619,-86.238664
3679,39.790628,-86.238665
3680,39.790636,-86.238665
3681,39.790645,-86.238665
3682,39.790654,-86.238666
3683,39.790663,-86.238666
3684,39.790672,-86.238666
3685,39.790681,-86.238666
3686,39.79069,-86.238667
3687,39.790699,-86.238667
3688,39.790708,-86.238667
3689,39.790717,-86.238667
3690,39.790726,-86.238668
3691,39.790735,-86.238668
3692,39.790744,-86.238668
3693,39.790753,-86.238668
3694,39.790762,-86.238668
3695,39.790771,-86.238669
3696,39.79078,-86.238669
3697,39.790789,-86.238669
3698,39.790798,-86.238669
3699,39.790807,-86.238669
3700,39.790816,-86.23867
3701,39.790825,-86.23867
3702,39.790834,-86.23867
3703,39.790843,-86.23867
3704,39.790852,-86.238671
3705,39.790861,-86.238671
3706,39.79087,-86.238671
3707,39.790879,-86.238671
3708,39.790888,-86.238671
3709,39.790897,-86.238672
3710,39.790906,-86.238672
3711,39.790915,-86.238672
3712,39.790924,-86.238672
3713,39.790933,-86.238672
3714,39.790942,-86.238673
3715,39.790951,-86.238673
3716,39.79096,-86.238673
3717,39.790969,-86.238673
3718,39.790978,-86.238673
3719,39.790987,-86.238673
3720,39.790996,-86.238673
3721,39.791005,-86.238673
3722,39.791014,-86.238674
3723,39.791023,-86.238674
3724,39.791032,-86.238674
3725,39.791041,-86.238674
3726,39.79105,-86.238674
3727,39.791059,-86.238674
3728,39.791068,-86.238675
3729,39.791077,-86.238675
3730,39.791086,-86.238675
3731,39.791095,-86.238675
3732,39.791104,-86.238675
3733,39.791113,-86.238676
3734,39.791122,-86.238676
3735,39.791131,-86.238676
3736,39.79114,-86.238677
3737,39.791149,-86.238677
3738,39.791158,-86.238677
3739,39.791166,-86.238678
3740,39.791175,-86.238678
3741,39.791184,-86.238678
3742,39.791193,-86.238678
3743,39.791202,-86.238679
3744,39.791211,-86.238679
3745,39.79122,-86.238679
3746,39.791229,-86.238679
3747,39.791238,-86.23868
3748,39.791247,-86.23868
3749,39.791256,-86.23868
3750,39.791265,-86.23868
3751,39.791274,-86.23868
3752,39.791283,-86.238681
3753,39.791292,-86.238681
3754,39.791301,-86.238681
3755,39.79131,-86.238681
3756,39.791319,-86.238681
3757,39.791328,-86.238681
3758,39.791337,-86.238681
3759,39.791346,-86.238681
3760,39.791355,-86.238682
3761,39.791364,-86.238682
3762,39.791373,-86.238682
3763,39.791382,-86.238682
3764,39.791391,-86.238682
3765,39.7914,-86.238683
3766,39.791409,-86.238683
3767,39.791418,-86.238683
3768,39.791427,-86.238683
3769,39.791436,-86.238684
3770,39.791445,-86.238684
3771,39.791454,-86.238684
3772,39.791463,-86.238684
3773,39.791472,-86.238684
3774,39.791481,-86.238685
3775,39.79149,-86.238685
3776,39.791499,-86.238685
3777,39.791508,-86.238685
3778,39.791517,-86.238686
3779,39.791526,-86.238686
3780,39.791535,-86.238686
3781,39.791544,-86.238686
3782,39.791553,-86.238686
3783,39.791562,-86.238686
3784,39.791571,-86.238686
3785,39.79158,-86.238686
3786,39.791589,-86.238686
3787,39.791598,-86.238686
3788,39.791607,-86.238686
3789,39.791616,-86.238686
3790,39.791625,-86.238686
3791,39.791634,-86.238686
3792,39.791643,-86.238687
3793,39.791652,-86.238687
3794,39.791661,-86.238687
3795,39.79167,-86.238687
3796,39.791679,-86.238687
3797,39.791688,-86.238687
3798,39.791697,-86.238687
3799,39.791705,-86.238688
3800,39.791714,-86.238688
3801,39.791723,-86.238688
3802,39.791732,-86.238688
3803,39.791741,-86.238688
3804,39.79175,-86.238688
3805,39.791759,-86.238689
3806,39.791768,-86.238689
3807,39.791777,-86.238689
3808,39.791786,-86.238689
3809,39.791795,-86.238689
3810,39.791804,-86.238689
3811,39.791813,-86.238689
3812,39.791822,-86.238689
3813,39.791831,-86.238689
3814,39.79184,-86.238689
3815,39.791849,-86.23869
3816,39.791858,-86.23869
3817,39.791867,-86.238691
3818,39.791876,-86.238691
3819,39.791885,-86.238691
3820,39.791894,-86.238691
3821,39.791903,-86.238691
3822,39.791912,-86.238692
3823,39.791921,-86.238692
3824,39.79193,-86.238692
3825,39.791939,-86.238692
3826,39.791948,-86.238692
3827,39.791957,-86.238692
3828,39.791966,-86.238693
3829,39.791975,-86.238693
3830,39.791984,-86.238693
3831,39.791993,-86.238693
3832,39.792002,-86.238693